country,n,slate,year,v_pct,wcn,wcd,pg_code,cmp_code
BG,3,BBB,1994,4.726,,0.591624533572445,599,80901
BG,3,BDPZESS,1994,0.04,,0.45034564581247,,
BG,3,BKP,1994,1.51,,0.445086178217672,,
BG,3,BLZZNPCG,1994,0.11,,0.83682873767762,,
BG,3,BNRP,1994,0.54,,0.574191706642308,,
BG,3,BNSND,1994,0.07,,0.862079053262694,,
BG,3,BOP-NS,1994,0.07,,0.777147910666406,,
BG,3,BP ONN-DNO,1994,0.0011,,1,,
BG,3,BRMP,1994,0.09,,0.25,,
BG,3,BRSDP,1994,0.07,,1,,
BG,3,BRSP,1994,0.07,,0.456846235362084,,
BG,3,BSP-BZNS-AS-PKE,1994,43.501,,0.59212118697285,1160,80228
BG,3,DAR,1994,3.79,,0.558023844044337,2170,
BG,3,DGI-SDS,1994,0.01,,1,,
BG,3,DN,1994,0.19,,0.823480795637627,,
BG,3,DPNS,1994,0.46,,0.794767506518749,,
BG,3,DPNT,1994,0.05,,1,,
BG,3,DPS,1994,5.442,,0.531407709713179,1286,80951
BG,3,DPVB,1994,0.12,,0.642349434503311,,
BG,3,DZZNPBSSG,1994,0.36,,0.746530303628607,,
BG,3,FNPSB,1994,0.07,,0.827158331899739,,
BG,3,FP,1994,0.14,,0.624837132180743,,
BG,3,HDS,1994,0.16,,0.806451612903226,,
BG,3,KFCB,1994,1.41,,0.813203012356176,,
BG,3,KKBZNS,1994,0.25,,0.863297238422334,,
BG,3,KOZS,1994,0.12,,0.809190011836874,,
BG,3,KPS,1994,1.43,,0.487365923148466,,
BG,3,NDZKDCB,1994,0.78,,0.824550105362281,,
BG,3,NI,1994,1.49,,0.789746062113488,,
BG,3,NLPSS,1994,0.06,,0.945864028354291,,
BG,3,NZNS-AS,1994,6.507,,0.611718804068071,353,80811
BG,3,ONSBSSGB,1994,0.25,,1,,
BG,3,PBO,1994,0.03,,1,,
BG,3,PE,1994,0.0027,,1,,
BG,3,PNDP,1994,0.27,,1,,
BG,3,PNSVB,1994,0.07,,1,,
BG,3,PPSNBO,1994,0.02,,0.820938200699512,,
BG,3,RPB,1994,0.04,,1,,
BG,3,SDP,1994,0.14,,1,,
BG,3,SDS,1994,24.228,,0.489790949713966,423,80410
BG,3,SKP,1994,0.08,,0.77658292123626,,
BG,3,SNBG,1994,0.03,,1,,
BG,3,SNDP-ERA3,1994,0.17,,0.730170103431818,,
BG,3,SNMSCB,1994,0.61,,0.764797343705591,,
BG,3,SNSD,1994,0.08,,0.9375,,
BG,3,SPRAVEDLIVOST,1994,0.1,,0.834447258551883,,
BG,4,BBB,1997,4.928,0.650940559996349,0.600277614510489,599,80901
BG,4,BDPZESS,1997,0.08,0.610088164528212,0.834391153232236,,
BG,4,BHK,1997,0.63,0.99218045563029,0.99986140990446,,
BG,4,BKP,1997,1.2,0.593538312763576,0.527843086241457,1570,
BG,4,BNDNVP,1997,0.06,1,0.995549527188133,,
BG,4,BNDP,1997,0.16,1,1,,
BG,4,BNEP-VT,1997,0.08,0.957921277364684,1,,
BG,4,BNRP,1997,0.17,0.428084819579444,0.578783681075246,,
BG,4,BOP-NS,1997,0.05,0.705882352941176,0.823529411764706,,
BG,4,BPL,1997,0.17,0.707224473775734,0.963794350235107,,
BG,4,BRMP,1997,0.06,0.0342518574476626,1,,
BG,4,BRSeP,1997,0.17,0.632197187421236,0.836520935150777,,
BG,4,BRSoP,1997,0.24,0.85053811763149,0.590018223433716,,
BG,4,BZF,1997,0.08,0.849673318764094,0.982714631580193,,
BG,4,BZNS-C,1997,0.24,0.918768309569591,0.959374719286647,,
BG,4,DAR,1997,0.24,0.735453032846777,0.957563258339371,,
BG,4,DL,1997,22.065,0.421227126433737,0.288358962972586,1160,80229
BG,4,DNS,1997,7.598,0.415535722297885,0.603180449141929,996,80951
BG,4,DPNS,1997,0.48,0.727784350640352,0.841195614226351,,
BG,4,DemLig,1997,0.1,0.745283741758536,0.998067420085211,,
BG,4,FNPSB,1997,0.03,0.74831632055966,0.736983971038393,,
BG,4,FP,1997,0.09,0.701688075946896,1,,
BG,4,HDS,1997,0.15,0.782516858534085,1,,
BG,4,KD,1997,0.28,0.671516002060159,0.952563032216988,,
BG,4,KEL,1997,5.498,0.563184993417806,0.474271675980159,710,80320
BG,4,LF,1997,0.32,0.888104458396356,0.958798735752997,,
BG,4,NB,1997,0.14,0.854792013525834,0.89439434206163,,
BG,4,ND,1997,0.09,0.841850568523556,0.946600610865529,,
BG,4,NPLF,1997,0.16,0.645022654453768,0.517225913502064,,
BG,4,ODS,1997,52.238,0.48353342816147,0.444359359199386,784,80411
BG,4,ON-DO,1997,0.02,1,1,,
BG,4,OZC,1997,1.1,0.505282626439787,0.621794187375602,1149,
BG,4,PNBZ,1997,0.38,1,0.780056291765545,,
BG,4,SDR,1997,0.16,0.73739601684408,0.884110027736978,,
BG,4,SKP,1997,0.13,0.894624043859546,0.640495897991782,,
BG,5,ASP,2001,0.09,1,1,,
BG,5,BBB,2001,0.0035,0,1,,
BG,5,BDPESS,2001,0.11,0.502298294992687,1,,
BG,5,BKP-R,2001,0.21,0.603631297827676,0.76358817284598,,
BG,5,BNF,2001,0.0044,1,1,,
BG,5,BNRP,2001,0.07,0.587493849867949,0.878653281397842,,
BG,5,BOP-NS,2001,0.01,0.818711938591551,0.978753413100483,,
BG,5,BRP,2001,0.28,0.731700261206959,0.866158319806582,,
BG,5,BRSDP,2001,0.24,0.708533634204218,0.888414064839144,,
BG,5,BZG,2001,0.38,0.609755087764831,0.850983886756038,,
BG,5,BZNS-NS,2001,0.1,0.524332485512138,0.905314713662503,,
BG,5,DP-SRB,2001,0.24,0.893739862175933,0.999983412847708,,
BG,5,DPS,2001,7.451,0.613309597173346,0.506916231096044,1286,80951
BG,5,DZPBSSG,2001,0.1,0.763197586334985,0.791358725291861,,
BG,5,KEL-BESDP,2001,0.98,0.430477551115868,0.610358845657083,,
BG,5,KNOCK,2001,0.6,0.922534053217661,0.961476729382143,,
BG,5,KS2,2001,3.44,0.966113603420107,0.966113178651161,15,
BG,5,KZB,2001,17.148,0.475837394170257,0.329024960382412,1160,80221
BG,5,NDNE,2001,0.05,1,0.622533571303297,,
BG,5,NDSV,2001,42.741,0.945529932964329,0.263392168325386,544,80902
BG,5,NOCS2,2001,1.7,0.695871360675704,0.926140903416429,1149,
BG,5,NPTCHSPT,2001,0.01,1,1,,
BG,5,NS,2001,0.48,0.690104609756938,0.827260264158543,,
BG,5,ODS,2001,18.18,0.370172110215828,0.364927690188016,784,80411
BG,5,ONN,2001,8.5e-4,1,1,,
BG,5,OPNT,2001,0.04,0.841270689646265,1,,
BG,5,OZBB,2001,0.03,0.837699262137368,0.848742826908036,,
BG,5,OZS,2001,0.34,0.818361722258531,0.926195875336998,,
BG,5,PRSI,2001,0.02,1,1,,
BG,5,PSK,2001,0.0017,1,0.172088355149573,,
BG,5,RODDNVP00,2001,0.13,0.984100138293899,1,,
BG,5,SB,2001,0.74,0.92573247658171,0.615022351865405,,
BG,5,SKP,2001,0.09,0.703984024811748,0.853827440690484,,
BG,5,SLDS,2001,0.06,0.847689486282101,0.989997791211354,,
BG,5,SPSVZZ,2001,0.11,0.960439054246938,0.712025808319015,,
BG,5,VRMO,2001,3.63,0.892563718856817,0.680281597288154,1362,
BG,6,ATAKA,2005,8.137,0.771855705209812,0.612033070157249,535,80710
BG,6,BHK,2005,0.58,0.998742432452473,0.999482938780905,,
BG,6,BNS,2005,5.191,0.61984192413991,0.738287673367135,1375,80813
BG,6,DNB,2005,0.28,0.896370262253265,0.868692413119752,,
BG,6,DPS,2005,12.812,0.553634227056363,0.494580995539236,1286,80951
BG,6,DSB,2005,6.436,0.534675216288953,0.688315217734566,57,80610
BG,6,FAGO,2005,0.5,0.999996718414902,0.999966506027908,,
BG,6,FSB-SB,2005,0.33,0.919938574162193,0.96361030619474,,
BG,6,KDB,2005,0.23,0.814763022450289,0.81728419618223,,
BG,6,KNE,2005,0.1,0.960026096004665,1,,
BG,6,KZB,2005,30.952,0.242379386304553,0.451099021430247,1160,80221
BG,6,KnZ,2005,1.3,0.595069938678724,0.853413413771796,2179,
BG,6,NDSV,2005,19.882,0.18581955278454,0.539385410870025,544,80902
BG,6,NKZB,2005,0.35,0.783356107471029,0.9552575088063,,
BG,6,NV,2005,2.95,0.719039692819723,0.640155535663035,2180,
BG,6,NZP,2005,0.05,0.935332042384281,0.999964266733773,,
BG,6,ODS,2005,7.684,0.461176207384228,0.663938903621402,784,80411
BG,6,OPPB,2005,0.35,0.934653715149227,0.935241632989064,,
BG,6,PDE,2005,1.25,0.823614524934959,0.866696834458189,2178,
BG,6,PSD,2005,0.06,0.99990547471419,1,,
BG,6,RK,2005,0.06,0.947485343928735,0.903171505868493,,
BG,6,SDNG,2005,0.16,0.883196888789813,0.856500644536639,,
BG,7,ATAKA,2009,9.364,0.612937660909596,0.457534620795007,535,80710
BG,7,BLK,2009,0.2,0.772968901822442,0.71896277405172,,
BG,7,BNS-NS,2009,0.09,0.841843507285991,0.869804397122769,,
BG,7,DPS,2009,14.446,0.3819242516018,0.496209476913211,1286,80951
BG,7,GERB,2009,39.72,0.906132266833645,0.430775542117554,1541,80510
BG,7,KZB,2009,17.7,0.325545179588377,0.467344974520349,1160,80221
BG,7,LIDER,2009,3.3,0.807770678196078,0.712303196534686,566,
BG,7,NDSV,2009,3,0.286266893958552,0.575851353717049,544,80902
BG,7,OBP,2009,0.1,0.627771661895609,0.868642284216871,,
BG,7,PLAM,2009,0.1,0.999409195572814,0.848591460493596,,
BG,7,PPDB,2009,0.1,0.967318184865609,0.934636369731219,,
BG,7,PPNDSO,2009,0.04,0.795254287958447,0.824617996122869,,
BG,7,RZS,2009,4.131,0.713475277319851,0.686878923490236,636,80620
BG,7,SD,2009,0.1,0.858279810218009,0.993425366558655,,
BG,7,SK,2009,6.759,0.422514421955385,0.64147149750419,1254,80051
BG,7,SPSZ,2009,0.2,0.578407467714213,0.889782337466379,,
BG,7,ZELENITE,2009,0.5,1,0.556959268541879,,
BG,7,ZR-NL,2009,0.3,0.965090853359275,0.862637871074569,,
BG,8,ATAKA,2013,7.298,0.272789088595446,0.088299761081362,535,80710
BG,8,BL,2013,0.167,0.682200994574744,0.652408348099219,,
BG,8,BP,2013,0.116,0.962568619950953,0.45189030925876,,
BG,8,BZS-NS,2013,0.218,0.963785932369212,0.631015280400955,,
BG,8,CENTAR,2013,1.626,0.52157221898608,0.555858503395022,2595,
BG,8,DANO,2013,0.096,0.89589183066088,0.96055378681471,,
BG,8,DB,2013,0.07,0.887165525585417,0.963230134218791,,
BG,8,DBG,2013,3.252,0.808913019377461,0.700107175846864,2213,
BG,8,DGI,2013,0.437,0.967637558322234,0.968089015839992,,
BG,8,DP,2013,0.089,1,0.898288787977582,,
BG,8,DPS,2013,11.307,0.281578027729225,0.288370911918689,1286,80951
BG,8,DSB-BDF,2013,2.926,0.522036084421622,0.51569586294787,57,
BG,8,ENP,2013,0.173,0.962492066134009,0.461918745984954,,
BG,8,GB,2013,0.455,0.791573027393074,0.872829341825507,,
BG,8,GERB,2013,30.539,0.3470515737625,0.166562366589024,1541,80510
BG,8,GL-MB,2013,0.405,0.822747417040593,0.750966584375518,,
BG,8,GN,2013,1.339,0.966428089431795,0.621038408172227,2214,
BG,8,H-SJ,2013,0.048,0.87042465862193,0.878035899939171,,
BG,8,HPB,2013,0.105,0.939539378937151,0.817622045302944,,
BG,8,KB,2013,0.063,0.938632414503951,0.926717439494315,,
BG,8,KZB,2013,26.612,0.419857117800316,0.27306903763739,1160,80220
BG,8,LA,2013,0.25,0.994894223059875,0.999943594510707,,
BG,8,LIDER,2013,1.736,0.493689710759278,0.609996453338155,566,
BG,8,NDE,2013,0.05,1,0.95537380626746,,
BG,8,NDP,2013,0.097,0.85934345839128,0.953325265519763,,
BG,8,NFSB,2013,3.703,0.84563170775341,0.290976448652883,2211,
BG,8,NPO,2013,0.091,0.924494400314792,0.92936111938729,,
BG,8,NovaA,2013,0.516,0.967214397814966,0.552837285393587,,
BG,8,PBZ,2013,0.185,0.890559264533061,0.838965087928658,,
BG,8,RZS,2013,1.67,0.580596435248435,0.961594554776648,636,
BG,8,SDS,2013,1.374,0.655822191053433,0.753580162886813,423,
BG,8,SEK,2013,0.1,0.997992395776387,0.952102961688414,,
BG,8,SKB,2013,0.174,0.852533389443983,0.862921061850829,,
BG,8,SP,2013,0.037,1,0.333333333333333,,
BG,8,VRMO,2013,1.886,0.931751571416466,0.527063928317003,2212,
BG,8,ZELENITE,2013,0.749,0.602915068140077,0.521729840013301,,
BG,9,ABV,2014,4.149,0.861802439894754,,2364,80330
BG,9,ATAKA,2014,4.516,0.0529411786733545,,535,80710
BG,9,BBC,2014,5.694,0.681203182724768,,2362,80630
BG,9,BNS-ND,2014,0.169,0.994134678651265,,,
BG,9,BSD,2014,0.287,0.632010247927368,,,
BG,9,BSP,2014,15.398,0.156707037209184,,1160,80221
BG,9,D21,2014,1.195,0.997967294859155,,2379,
BG,9,DESNITE,2014,0.22,0.545716258394945,,,
BG,9,DPS,2014,14.837,0.19664801143398,,1286,80951
BG,9,GERB,2014,32.667,0.188568882577381,,1541,80510
BG,9,GN,2014,1.137,0.537113028521164,,2214,
BG,9,LZP,2014,0.214,0.549739852807714,,,
BG,9,NB,2014,0.385,0.999956628020898,,,
BG,9,NDSV,2014,0.241,0.729882708282482,,544,80902
BG,9,NS,2014,0.169,0.946818308987448,,,
BG,9,NV,2014,0.117,0.988026262884866,,,
BG,9,NovaA,2014,0.353,0.526902187195648,,,
BG,9,OB,2014,0.33,0.966019429188454,,,
BG,9,ONB,2014,0.141,0.910708215507284,,,
BG,9,PF,2014,7.283,0.161387352659035,,2211,80062
BG,9,PZ,2014,0.227,0.58868878211352,,,
BG,9,RBG,2014,0.576,0.983973389636635,,,
BG,9,RBLOK,2014,8.888,0.315540284984886,,2363,80061
BG,9,SDP,2014,0.164,0.7761581039422,,,
BG,9,ZELENITE,2014,0.609,0.426779979920749,,,
CZ,2,CSSD,1992,6.518,,0.535310788008906,789,82320
CZ,2,D92,1992,0.58,,0.927212906126073,,
CZ,2,HDZJ,1992,3.77,,0.861298983598729,77,
CZ,2,HSD-SMS,1992,5.86,,0.643421817527815,19,82951
CZ,2,HSS,1992,1.08,,0.801866031591585,2223,
CZ,2,KAN,1992,2.69,,0.787295456638735,2220,
CZ,2,KDU-CSL,1992,6.265,,0.520850840172661,1245,82523
CZ,2,LB,1992,14.023,,0.234874947907414,1173,82221
CZ,2,LSU,1992,6.506,,0.581932787846557,1218,82420
CZ,2,NEI,1992,1.37,,0.967478359621332,2221,
CZ,2,NSS-CSNS,1992,0.15,,0.935981512193408,,
CZ,2,ODA,1992,5.916,,0.441748252511742,1123,82412
CZ,2,ODS-KDS,1992,29.67,,0.355344075691678,829,82419
CZ,2,OH,1992,4.6,,0.683725419784983,574,
CZ,2,ROI,1992,0.26,,0.904461224736518,,
CZ,2,SCPZR,1992,3.15,,0.916795548356488,2219,
CZ,2,SPP,1992,1.3,,0.904452573660039,2222,
CZ,2,SPR-RSC,1992,5.967,,0.598233913318602,872,82710
CZ,2,SRNDJ,1992,0.17,,0.944672165243147,,
CZ,3,CAO,1996,0,0.947303734865676,0.82606009062556,,
CZ,3,CMUS,1996,0.45,0.540167617506378,0.819376825551944,,
CZ,3,CP,1996,0.04,0.948200702618296,1,,
CZ,3,CSSD,1996,26.443,0.654257752823847,0.205307598683528,789,82320
CZ,3,DEU,1996,2.8,0.910681440903725,0.484662120394423,1616,
CZ,3,DZJ,1996,3.09,0.917508704848587,0.474326124524096,77,82901
CZ,3,HSMSMNSJ,1996,0.41,0.816851214058159,0.743339800875217,,
CZ,3,KDU-CSL,1996,8.076,0.480607207086652,0.294538087584373,1245,82523
CZ,3,KSCM,1996,10.334,0.627470288402456,0.211312605502699,1173,82220
CZ,3,LB,1996,1.4,0.303252223938867,0.988710423101851,2224,
CZ,3,MNS-HSMS,1996,0.27,0.714063693961315,0.427729156755497,,
CZ,3,NEZ,1996,0.49,0.88983386600036,0.774300443600085,,
CZ,3,ODA,1996,6.36,0.58967801955737,0.759156892735291,1123,82412
CZ,3,ODS,1996,29.617,0.420259182736276,0.46989801904499,829,82413
CZ,3,PB,1996,0,0.990066703834657,0.741441229111063,,
CZ,3,SCK,1996,0,0.84982341844656,0.947124448734869,,
CZ,3,SD-LSNS,1996,2.04,0.87390224012912,0.794829793780418,29,
CZ,3,SDL,1996,0.12,0.879915255345871,0.907945790916856,,
CZ,3,SPR-RSC,1996,8.006,0.757464226943563,0.177787120270837,872,82710
CZ,3,SZ,1996,0,0.910043016661419,0.354309682532128,,82110
CZ,4,A2001,1998,0,1,0.875,,
CZ,4,CAO,1998,0,0.614218929628188,1,,
CZ,4,CSNS,1998,0.29,0.426296518814472,0.448830015493888,,
CZ,4,CSSD,1998,32.309,0.216714892590254,0.349787495089808,789,82320
CZ,4,DEU,1998,1.45,0.30472331674257,0.615916774122718,1616,
CZ,4,DZJ,1998,3.06,0.449781240784498,0.676076790045056,77,82901
CZ,4,KDU-CSL,1998,8.996,0.18035055461021,0.345302512169852,1245,82523
CZ,4,KSCM,1998,11.032,0.0870647920825651,0.177594868250407,1173,82220
CZ,4,MODS,1998,0.37,0.0679452490396999,0.224423813051858,,
CZ,4,NEZ,1998,0.87,0.789817041450828,0.832639304270237,,
CZ,4,ODA,1998,0,0.567504773292035,0.622158740560889,1123,82412
CZ,4,ODS,1998,27.741,0.483138128025239,0.229404311468745,829,82413
CZ,4,OK,1998,0.25,0.829758244917434,0.888772333635029,,
CZ,4,PB,1998,0,0.316529929013265,0.779308133935475,,
CZ,4,SDCR,1998,0,0.857012210159341,0.895165101628678,,
CZ,4,SPR-RSC,1998,3.9,0.16211199392436,0.518813343037589,872,82710
CZ,4,SZ,1998,1.12,0.53187732232212,0.47011051684264,196,
CZ,4,US,1998,8.604,0.640414859306386,0.536142620001022,688,82421
CZ,5,AZSD,2002,0.2,1,0.94481955865681,,
CZ,5,BPS,2002,0.19,1,0.584412709992608,,
CZ,5,CP,2002,0.04,1,0.99780397241952,,
CZ,5,CSDH,2002,0.01,0.446980528647186,0.555825634913397,,
CZ,5,CSNS,2002,0.81,0.643715854733593,0.782473516045244,,
CZ,5,CSSD,2002,30.207,0.368150471934132,0.386561065165145,789,82320
CZ,5,CZ,2002,0.27,0.865970912010391,0.765373491490036,,
CZ,5,DL,2002,0.08,0.966035862810391,0.942951589031427,,
CZ,5,H.A.,2002,0.17,0.999999998325934,0.763210310086824,,
CZ,5,KDU-CSL,2002,14.276,0.218221930023162,0.402333669466874,1245,82523
CZ,5,KSCM,2002,18.512,0.295748397509512,0.241227168161269,1173,82220
CZ,5,MoDS,2002,0.27,0.60886569392424,0.744006271806047,,
CZ,5,N,2002,0.62,0.964495375485276,0.932121884766638,,
CZ,5,NDS,2002,0.11,0.911471359451378,0.67258826257137,,
CZ,5,NH,2002,0.0029,1,1,,
CZ,5,ODA,2002,0.5,0.650516585356963,0.839276415136256,1123,82412
CZ,5,ODS,2002,24.475,0.264470494303373,0.372087945677142,829,82413
CZ,5,PB,2002,0.59,0.907660572896339,0.679283578823105,,
CZ,5,REP,2002,0.14,0.586156033843828,0.906762952855894,,
CZ,5,RMS,2002,0.97,0.334981144398546,0.648269883662681,,82710
CZ,5,ROI,2002,0.01,1,0.687463641352879,,
CZ,5,SDS,2002,0.0099,0.999996904258751,0.999998907385441,,
CZ,5,SNK,2002,2.78,0.958474854093124,0.367841950709974,1532,
CZ,5,SV SOS,2002,0.87,0.890128112193229,0.917603449531039,,
CZ,5,SZ,2002,2.36,0.561831519571003,0.705237310748725,196,82110
CZ,5,SZJ,2002,0.86,0.603255324484031,0.825456364211883,,
CZ,5,SZR,2002,0.22,0.999856896304738,0.749107461224361,,
CZ,5,VPB,2002,0.35,0.999284301027395,0.911250936842854,,
CZ,6,4 VIZE,2006,0.05,0.936740506437342,0.957473854045555,,
CZ,6,BPS,2006,0.12,0.901507743164627,0.950753871582313,,
CZ,6,CHNJ,2006,0.004,0.361184672003525,0.361282429243925,,
CZ,6,CSNS2006,2006,0.0259,0.305777311781875,0.493336630369906,,
CZ,6,CSSD,2006,32.32,0.401747656621335,0.451591249262063,789,82320
CZ,6,FiS,2006,0.011,0.999992972004684,0.999999992313972,,
CZ,6,HOB,2006,0.0257,0.66420571615708,1,,
CZ,6,HS,2006,0.016,0.284481891088092,0.0179982271504486,,
CZ,6,KC,2006,0.13,0.92582729604448,0.81582283054921,,
CZ,6,KDU-CSL,2006,7.23,0.298302734006751,0.352459559330635,1245,82523
CZ,6,KSCM,2006,12.81,0.118214110715458,0.289970977247966,1173,82220
CZ,6,Koal_CR,2006,0.15,0.828967766112592,0.840856067786772,,
CZ,6,LiRA,2006,0.005,0.999672554064326,0.548659807207431,,
CZ,6,M,2006,0.23,0.511302658797511,0.865323296072041,,
CZ,6,NEZ,2006,0.61,0.836280198852365,0.926866883060432,,
CZ,6,NEZ/DEM,2006,0.68,0.69914544420262,0.904756324861399,,
CZ,6,NS,2006,0.17,0.740410833824168,0.772667156612591,,
CZ,6,ODS,2006,35.38,0.402398057720952,0.42369954454343,829,82413
CZ,6,PB,2006,0.38,0.479264850448208,0.432760378453062,,
CZ,6,PaS,2006,0.24,0.607171494156409,0.60630311013569,,
CZ,6,SNK ED,2006,2.08,0.447530395172727,0.770913247635902,1532,
CZ,6,SRS,2006,0.2,0.962118291695977,0.962118001945633,,
CZ,6,SZ,2006,6.29,0.68843273283854,0.539443890095764,196,82110
CZ,6,SZR,2006,0.46,0.874509787924756,0.741082576461025,,
CZ,6,US-DEU,2006,0.3,0.623341189689702,0.912601517370014,,
CZ,7,CPS,2010,0.8,0.958891006379891,0.53556965095913,,
CZ,7,CSNS,2010,0.006,0.49128314619403,0.907724040431475,,
CZ,7,CSNS2005,2010,0.02,0.555789693816596,0.742008239938731,,
CZ,7,CSSD,2010,22.09,0.382531748768142,0.409874005808016,789,82320
CZ,7,DSSS,2010,1.14,0.57791430015926,0.510096001199664,795,
CZ,7,ES,2010,0.01,0.830989950066064,0.974331192493567,,
CZ,7,HS,2010,0.01,0.265356450458109,0.308950721223125,,
CZ,7,KC,2010,0.07,0.477958178823836,0.281650676849172,,
CZ,7,KDU-CSL,2010,4.4,0.509005579606406,0.689664346029577,1245,82523
CZ,7,KH,2010,0.02,1,0.290615881569201,,
CZ,7,KONS,2010,0.08,0.880970513072628,0.718423607530916,,
CZ,7,KSCM,2010,11.27,0.3222413837639,0.400524967618356,1173,82220
CZ,7,LIB,2010,0.005,0,1,,
CZ,7,Moravane,2010,0.22,0.648376099133237,0.825856218432283,,
CZ,7,ODS,2010,20.22,0.463053706434359,0.598211137801971,829,82413
CZ,7,Obcane,2010,0.25,0.926206565672269,0.855296664425941,,
CZ,7,PB,2010,0.47,0.453786971026072,0.82780492688156,,
CZ,7,SPOZ,2010,4.33,0.900638031341273,0.721248836393956,406,
CZ,7,SPR-RSC,2010,0.3,0.469950465364151,0.985981126592178,,
CZ,7,STOP,2010,0.06,0.965633674481418,1,,
CZ,7,SZ,2010,2.44,0.539424956294931,0.386277148610337,196,82110
CZ,7,Suveren.,2010,3.67,0.823397209983372,0.649781569422074,1613,
CZ,7,Svobodni,2010,0.74,0.910054026807602,0.499723056422666,,
CZ,7,TOP 09,2010,16.71,0.727247202531299,0.466718277152393,2,82530
CZ,7,VV,2010,10.88,0.838107441015751,0.792845740871562,336,82952
CZ,8,ANEO,2013,0.02,1,,,
CZ,8,ANO 2011,2013,18.657,0.888085142958177,,2263,82430
CZ,8,CSSD,2013,20.459,0.375561476045407,,789,82320
CZ,8,DSSS,2013,0.86,0.382068218292057,,,
CZ,8,HLVZHURU,2013,0.42,0.648099033932025,,,
CZ,8,KAN,2013,0.0059,0.999999167075583,,,
CZ,8,KC,2013,0.17,0.619762481816807,,,
CZ,8,KDU-CSL,2013,6.78,0.455692440901034,,1245,82523
CZ,8,KSCM,2013,14.91,0.254992107039227,,1173,82220
CZ,8,LEV 21,2013,0.07,0.859836778310792,,,
CZ,8,OBC_2011,2013,0.0092,1,,,
CZ,8,ODS,2013,7.73,0.538077056170646,,829,82413
CZ,8,PB,2013,0.02,0.340452564517279,,,
CZ,8,Pirati,2013,2.66,0.493324759859854,,2261,
CZ,8,RDS,2013,0.01,1,,,
CZ,8,SPOZ,2013,1.51,0.770594368427732,,406,
CZ,8,SZ,2013,3.2,0.4595251504089,,196,82110
CZ,8,SsCR,2013,0.26,0.931945235007527,,,
CZ,8,Suveren.,2013,0.27,0.427064442666223,,,
CZ,8,Svobodni,2013,2.46,0.53739427754707,,363,
CZ,8,TOP 09,2013,11.999,0.31434090800603,,2,82530
CZ,8,Usvit,2013,6.888,0.802597501744666,,2262,82720
CZ,8,Zmena,2013,0.57,0.83130226489391,,,
EE,1,DD,1992,0.16,,0.456683683013809,,
EE,1,EEE,1992,2.39,,0.347150292579286,1516,
EE,1,EIL,1992,0.49,,0.8,,
EE,1,EKO,1992,6.881,,0.604255521363245,1064,83712
EE,1,EPL,1992,3.71,,0.521281576785122,1792,
EE,1,ERSP,1992,8.786,,0.316995370913087,552,83711
EE,1,IL,1992,22.003,,0.231817826054227,243,83710
EE,1,KK,1992,13.602,,0.344758642604825,486,83220
EE,1,Kun,1992,7.122,,0.520895298767565,25,83901
EE,1,LP,1992,0.08,,0.333333333333333,,
EE,1,MD,1992,9.728,,0.408557191351362,1448,83410
EE,1,ORRE,1992,0.93,,0.58622537600644,,
EE,1,PK,1992,2.91,,0.548821680065169,1553,
EE,1,RR,1992,12.248,,0.250525121702053,450,83421
EE,1,Roh,1992,2.62,,0.35900005863308,2631,
EE,1,VH,1992,0.4,,0.468402068967203,,
EE,1,VV,1992,1.61,,0.140085868231958,2416,
EE,2,EDL,1995,0.06,0.732935181955277,1,,
EE,2,ER,1995,16.188,0.548421219834258,0.127347436022838,113,83430
EE,2,ERKL,1995,0.64,0.80566089521068,0.575311878312466,,
EE,2,ESE,1995,0.35,0.768579748959707,0.791217679254165,,
EE,2,ETRE,1995,1.51,0.862793967738271,0.41454599300151,1796,
EE,2,I-ERSP,1995,7.859,0.30811762273406,0.405622116073909,243,83709
EE,2,K,1995,14.173,0.347499770756523,0.436507480178995,1137,83411
EE,2,KMU,1995,32.23,0.566486442648828,0.361758790667101,486,83719
EE,2,KunRoh,1995,0.81,0.39053792678667,0.874043757547009,,
EE,2,MD,1995,5.989,0.231760513518119,0.307780258321555,1448,83410
EE,2,ME,1995,0.6,0.783307556065643,0.586900335805042,,
EE,2,MKOE,1995,5.874,0.991845339257265,0.265327583769218,1590,83951
EE,2,OTE,1995,2.27,0.571777054649412,0.555243799035357,2416,
EE,2,PE-EK,1995,3.61,0.449746187233736,0.599176813317259,1064,
EE,2,PP,1995,5.003,0.142870771928742,0.558179026508052,1395,83610
EE,2,TEE,1995,2.57,0.792561771409017,0.827434932413118,1794,
EE,3,AP,1999,0.38,0.616527724356538,0.918606033757842,,
EE,3,EKR,1999,2.43,0.930604373949978,0.489430136802943,609,
EE,3,EME,1999,7.27,0.325124904013972,0.437603991618612,417,83810
EE,3,ER,1999,15.919,0.267657947830713,0.411887663144153,113,83430
EE,3,ESE,1999,1.6,0.748074702122862,0.850660935210361,2267,
EE,3,EURP,1999,6.13,0.374075844473839,0.401809591767852,1590,83952
EE,3,IL,1999,16.09,0.411913522049029,0.24298685428397299,846,83710
EE,3,K,1999,23.414,0.541087884367938,0.161806530619994,1137,83411
EE,3,KE,1999,7.633,0.321423543010586,0.374408401814268,486,83713
EE,3,MD,1999,15.205,0.498362396306924,0.0974254605145682,1448,83410
EE,3,PK,1999,0.5,0.634283667725738,0.972235655626546,,
EE,3,VEE,1999,2.03,0.643457233042546,0.45867679182619,2266,
EE,4,EIP,2003,0.5,0.867811294050503,0.774133355281087,,
EE,4,EKR,2003,1.1,0.401104452874121,0.284603411130713,609,
EE,4,ER,2003,17.711,0.15594979748045,0.344215657149622,113,83430
EE,4,ESDTP,2003,0.4,0.5,0.666666666666667,,
EE,4,EURP,2003,2.2,0.399804859804895,0.562107517021473,1590,
EE,4,IL,2003,7.3,0.360469257761394,0.20416587607482,846,83710
EE,4,K,2003,25.403,0.21062348375537,0.195999029803492,1137,83411
EE,4,MD,2003,7.036,0.198483944064752,0.282695156070383,1448,83410
EE,4,RL,2003,13.027,0.543305223209347,0.16253031444893,417,83612
EE,4,RP,2003,24.615,0.892196658063309,0.372705202032748,428,83611
EE,4,VEE,2003,0.2,0.5,0.75,,
EE,5,EEKD,2007,1.7,0.59177329676794,0.590356698902162,609,
EE,5,EER,2007,7.14,0.950750289284142,0.44615286896655,219,83110
EE,5,EIP,2007,0.2,0.6,0.5,,
EE,5,ER,2007,27.82,0.233796754674876,0.168021550144818,113,83430
EE,5,EVP,2007,0.1,0.666666666666667,1,,
EE,5,IRL,2007,17.87,0.167626099718452,0.237860973691938,1597,83611
EE,5,K,2007,26.08,0.273931164435078,0.221291397492819,1137,83411
EE,5,KONE,2007,1,0.299604019457707,0.691923001096823,1590,
EE,5,RL,2007,7.13,0.334896956235236,0.39364676788457,417,83612
EE,5,SDE,2007,10.06,0.149923032415077,0.279079422398135,1448,83410
EE,5,VEE,2007,0.2,0.821324197068954,0.79469209468353,,
EE,6,EEKD,2011,0.5,0,1,,
EE,6,EER,2011,3.795,0.501796162212045,0.628498842221482,219,83110
EE,6,EIP,2011,0.4,0.753711249624678,0.585197879318503,,
EE,6,ER,2011,28.559,0.216564908113739,0.225736759293054,113,83430
EE,6,IRL,2011,20.521,0.271197256145879,0.141742310553925,1597,83611
EE,6,K,2011,23.321,0.209540030725158,0.0880445817602015,1137,83411
EE,6,RL,2011,2.118,0.67039449122693,0.822766255952946,417,83612
EE,6,SDE,2011,17.093,0.199308186728175,0.102338265229472,1448,83410
EE,6,VEE,2011,0.9,0.333027120826333,0.885054884201904,,
EE,7,EER,2015,0.9,0.370820306529036,,219,83110
EE,7,EIP,2015,0.2,0.583333333333333,,,
EE,7,EKRE,2015,8.146,0.710406958842858,,417,83720
EE,7,ER,2015,27.688,0.31726905815956,,113,83430
EE,7,EVA,2015,8.688,0.685143589301487,,2409,83440
EE,7,EVP,2015,0.1,0.823277079605959,,,
EE,7,IRL,2015,13.7,0.252176084093646,,1597,83611
EE,7,K,2015,24.812,0.104017312495998,,1137,83411
EE,7,RUE,2015,0.4,0.748444373332072,,,
EE,7,SDE,2015,15.186,0.239389804200517,,1448,83410
HU,1,ASZ,1990,3.1,,0.654656445892708,1183,86811
HU,1,ASZ-HVK,1990,,,0.43390415455467,,
HU,1,FEDISZ KISKUNF-TEDISZ KISKUNM,1990,,,0,,
HU,1,FIDESZ,1990,8.952,,0.395329929931143,921,86421
HU,1,FIDESZ-KDNP-SZDSZ,1990,,,0,,
HU,1,FIDESZ-SZDSZ,1990,,,0.764516911483576,,
HU,1,FKGP,1990,11.735,,0.500899465078611,870,86810
HU,1,FMDP,1990,0.1,,0.914970347063359,,
HU,1,FUGG. SZOCIALDEMOKRATA PART,1990,,,0.885107514929014,,
HU,1,HAZAFIAS VAL.KOAL.-MSZP,1990,,,1,,
HU,1,HVK,1990,1.9,,0.68380914614829,198,
HU,1,KDNP,1990,6.46,,0.326709811095834,434,86522
HU,1,KELET NEPE PART - KER.DEM.,1990,,,1,,
HU,1,MAGYAR CIGANYOK SZOC.DEM.PART,1990,,,1,,
HU,1,MAGYAR DOLG.DEM.CENTRUM PART,1990,,,1,,
HU,1,MDF,1990,22.894,,0.257804084914879,546,86521
HU,1,MFP,1990,0.044,,1,,
HU,1,MNP-NPP,1990,0.8,,0.749323186812511,,
HU,1,MSZAP,1990,0.1,,0.975265983695256,,
HU,1,MSZDP,1990,3.6,,0.770641836741669,418,86320
HU,1,MSZMP,1990,3.7,,0.517537618581306,1202,
HU,1,MSZP,1990,10.895,,0.317245667599879,1591,86220
HU,1,MZP,1990,0.4,,0.547817155826358,,
HU,1,"NEMZEDEKEK PARTJA,NYUG.ES CSAL",1990,,,0,,
HU,1,NKGP,1990,0.2,,0.0484542621643977,,
HU,1,SKK,1990,0.1,,0.983893230360514,,
HU,1,SZDSZ,1990,21.396,,0.414655367390605,1426,86422
HU,1,SZENT KORONA TARSASAG,1990,,,0.26555204030584,,
HU,1,SZOVETSEG A FALUERT A VIDEKERT,1990,,,1,,
HU,1,SZP,1990,0.1,,0.0154512385795395,,
HU,1,TERM. ES TARS.VEDOK SZOV.,1990,,,0.0211315977507179,,
HU,1,VIDEKI MAGYARORSZAGERT PART,1990,,,1,,
HU,1,VP,1990,1.9,,0.686003929651995,1203,
HU,2,A MAGYAR ERDEK PARTJA,1994,,0,1,,
HU,2,ASZ,1994,2.1,0.68105819024024,0.701793737660095,1183,
HU,2,CIGANYOK SZOLIDARITASI PARTJA,1994,,1,1,,
HU,2,CSALADI SZOVETSEG,1994,,1,1,,
HU,2,DEMOKRATA KOALICIO,1994,,0.454249731884292,0.98153173885295,,
HU,2,DEMOKRATA PART,1994,,0.809502228264975,1,,
HU,2,EKGP,1994,0.8,0.370426368975845,0.81621591762053,,
HU,2,FIDESZ,1994,7.025,0.506240691767457,0.246908978196899,921,86421
HU,2,FKGP,1994,8.82,0.622853767207141,0.32889268105846,870,86810
HU,2,FUGGETLEN MAGYAR DEM. PART,1994,,0.0742768968908981,1,,
HU,2,KDNP,1994,7.028,0.391966149896555,0.429267479856113,434,86522
HU,2,KFKGP,1994,0.1,0.53859261612467,0.512927232585899,,
HU,2,KOP,1994,0.03,0.753463184504475,0.999067118162574,,
HU,2,KOZTARSASAG PART-SZDSZ,1994,,1,1,,
HU,2,KP,1994,2.5,0.858355857853099,0.617416345212853,2588,
HU,2,LPSZ,1994,0.6,0.779275152207851,0.822825930374375,,86320
HU,2,MAGYAR ANYAK NEMZETI PARTJA,1994,,1,0,,
HU,2,MAGYAR MUNKANELKULIEK PARTJA,1994,,1,1,,
HU,2,MAGYAR SZOCIALISTA MUNKASPART,1994,,0,0,,
HU,2,MAGYAR TERMESZETGYOGYASZOK,1994,,1,1,,
HU,2,MAGYARSAGERT VALASZTASI SZOV.,1994,,1,1,,
HU,2,MDF,1994,11.736,0.342384136577727,0.239657234920922,546,86521
HU,2,MIEP,1994,1.6,0.409779370804203,0.426057407598099,95,86620
HU,2,MPP,1994,0.01,0.966308253325726,1,,
HU,2,MSZDP,1994,0.9,0.594687085179213,0.808965168999148,418,86320
HU,2,MSZMP,1994,3.2,0.472104054616655,0.297121763576673,1202,
HU,2,MSZP,1994,32.99,0.533458703983031,0.180246517077173,1591,86220
HU,2,MZP,1994,0.2,0.843071130111818,0.82179409523385,,
HU,2,NDSZ,1994,0.5,0.562809115634113,0.819159173044805,,
HU,2,NEM. PART,1994,,1,0,,
HU,2,NYUGDIJASOK PARTJA,1994,,0,1,,
HU,2,SZDSZ,1994,19.738,0.337151866885145,0.149560507641672,1426,86422
HU,2,SZOCDEM PART,1994,,0.0201157023110535,0.0201157023110535,,
HU,2,TORT.MAGYARORSZAGERT PART,1994,,0,0,,
HU,2,TORTENELMI KISGAZDAPART,1994,,0.011422426062699,1,,
HU,2,ZA,1994,0.1,1,0.999334757678512,,
HU,3,EMU,1998,0.2,0.542144253615237,0.880808556765152,,
HU,3,FIDESZ,1998,28.2,0.250740652612455,0.134114105784935,921,86421
HU,3,FKGP,1998,13.8,0.506623836248183,0.399202517206916,870,86810
HU,3,FOLDI-ELET-PARTJA,1998,,1,1,,
HU,3,FPSZ,1998,,1,0,,
HU,3,FUGGETLENEK KOZOSSEGE,1998,,1,1,,
HU,3,KDNP,1998,2.6,0.434602874577986,0.602232637978855,434,86522
HU,3,MAGYAR NEPJOLETI SZOVETSEG,1998,,1,1,,
HU,3,MANEP,1998,,1,1,,
HU,3,MCDP,1998,,1,1,,
HU,3,MDF,1998,3.1,0.226988665097566,0.44306247763306,546,86521
HU,3,MDF-FIDESZ,1998,,0.268001872240602,0.229048474874057,,
HU,3,MDNP,1998,1.4,0.31251412564908,0.611685797952388,,
HU,3,MIEP,1998,5.5,0.497781916966857,0.43630580392966,95,86620
HU,3,MSZDP,1998,0.1,0.279428356575261,0.759946913468874,418,86320
HU,3,MSZMP,1998,4.1,0.365258813246151,0.357821936863782,1202,
HU,3,MSZP,1998,32.2,0.123613881209996,0.186778542267006,1591,86220
HU,3,MSZZP,1998,0.05,0.0037256562849859,1,,
HU,3,NF,1998,0.1,0.999992937237589,0.929388184221624,,
HU,3,NOK PARTJA,1998,,1,1,,
HU,3,SZDSZ,1998,7.9,0.163555764608063,0.22349698514506,1426,86422
HU,3,SZOCIALDEMOKRATA PART,1998,,1,1,,
HU,3,TARSADALMI KOALICIO,1998,,0,1,,
HU,3,UJ SZOVETSEG-VP,1998,,1,1,,
HU,3,USZM,1998,0.6,0.757391251864468,0.819738585981781,,
HU,3,VP,1998,0.1,0.282508752669939,0.999880231893651,,
HU,3,ZP,1998,,0.953146748795597,0.987196254709238,,
HU,4,CENTRUM,2002,3.9,0.256512801157242,0.624115633553539,434,
HU,4,DRP,2002,,0,0,,
HU,4,FIDESZ-MDF,2002,41.07,0.0996222990478059,0.238060989712435,921,86429
HU,4,FKGP,2002,0.754,0.0868362937007272,0.873779288351418,870,86810
HU,4,FMDP,2002,,1,1,,
HU,4,KGP,2002,0.008,0.490420540473475,0.999999703777118,,
HU,4,KPDP,2002,,0,1,,
HU,4,M.NY.P,2002,,1,1,,
HU,4,MAGYAR SZOCIALISTA MUNKASPART,2002,,0,1,,
HU,4,MAVEP,2002,0.006,1,0.999910338559236,,
HU,4,MIEP,2002,4.368,0.360899329063505,0.549564659905428,95,86620
HU,4,MROP,2002,0.013,0.0810119760184963,0.00370973989174431,,
HU,4,MSZMP,2002,2.163,0.18547466417299,0.523816462220983,1202,
HU,4,MSZP,2002,42.053,0.182692297828319,0.176092512245197,1591,86220
HU,4,OSSZEFOGAS A FENNMARADASERT,2002,,1,1,,
HU,4,PEST1601,2002,,1,1,,
HU,4,RKGP,2002,0.019,0.517325926336557,0.760301771130187,,
HU,4,SZDP,2002,0.016,0.0810294831379422,0.081396521151441,,
HU,4,SZDSZ,2002,5.574,0.050486437362729,0.0150824076737602,1426,86422
HU,4,UJBAL,2002,0.1,0.737665113158576,0.810173943208051,,
HU,4,ZOLDEK,2002,,0.801175321768129,0.930904899054173,,
HU,5,CENTRUM,2006,0.3,0.48659047960858,0.931400096408194,,
HU,5,ELOLANC,2006,,1,0.71335598613334406,,
HU,5,FIDESZ-KDNP,2006,42,0.351177451876174,0.214564820941391,434,86061
HU,5,FKGP,2006,0.015,0.993349256339313,0.993524432752154,,
HU,5,FKNP,2006,0.016,0.674637628504905,0.98217132673835,,
HU,5,KDPP,2006,0.044,0.541300557440721,0.994520088188535,,
HU,5,LETALAP PART,2006,,1,1,,
HU,5,M NY P,2006,,1,1,,
HU,5,MCF-ROP,2006,0.082,0.811889940798664,0.835236244923016,,
HU,5,MDF,2006,5,0.640012485245503,0.56311906475612,546,86521
HU,5,MDF-FIDESZ-KDNP,2006,,0,1,,
HU,5,MESZ,2006,0.014,0.999993139205603,0.0774665540033728,,
HU,5,MIEP-JOBBIK,2006,2.2,0.305563101957146,0.79310117809466,95,86710
HU,5,MSZMP,2006,0.4,0.171340153026015,0.745705082115693,,
HU,5,MSZMP2006,2006,0.01,1.64663058298022e-5,0.999589368543889,,
HU,5,MSZP,2006,43.2,0.0842033306298335,0.248885332817363,1591,86220
HU,5,MVPP,2006,0.052,0.966918486794249,0.968500134861397,,
HU,5,SOMOGYERT,2006,,0,0,,
HU,5,SZDP,2006,,0.49800796812749,1,,
HU,5,SZDSZ,2006,6.5,0.0935252678450666,0.923060673174658,1426,86422
HU,5,ZD,2006,,1,1,,
HU,5,ZP,2006,0.053,0.672416077075068,0.999059467720122,,
HU,6,CIVILEK,2010,0.89,0.982326451462024,0.681680469764676,,
HU,6,FIDESZ-KDNP,2010,52.73,0.204724427409442,0.289231003646475,434,86061
HU,6,FKGP,2010,,1,0.366214549938348,,
HU,6,JOBBIK,2010,16.67,0.694174737223964,0.367519806661653,600,86710
HU,6,LMP,2010,7.48,0.965652840165863,0.572153260902646,403,86110
HU,6,MCF,2010,,0,1,,
HU,6,MDF,2010,2.67,0.269037684068019,0.736052003568679,546,86521
HU,6,MDF-SZDSZ,2010,,0,1,,
HU,6,MESZ,2010,,0.0182337191033613,1,,
HU,6,MIEP,2010,0.03,0.0821645758791212,0.0127183542013452,95,86620
HU,6,MSZDP,2010,0.08,0.535872439171071,0.266566188570627,418,86320
HU,6,MSZMP,2010,0.11,0.0593282883658143,0.23820721353781,,
HU,6,MSZP,2010,19.3,0.0687982469351524,0.442539004693957,1591,86220
HU,6,OP,2010,,1,0.0128090187709204,,
HU,6,SOMOGYERT,2010,,1,0.0286559613232149,,
HU,6,TORGYAN-KISGAZDA,2010,,1,1,,
HU,6,ZOLD BALOLDAL,2010,,0,0.0423552769454198,,
HU,7,4K!,2014,,1,,,
HU,7,A VALASZ,2014,,1,,,
HU,7,AQP,2014,,1,,,
HU,7,BOO,2014,0.002,1,,,
HU,7,EGYIKSEM,2014,,1,,,
HU,7,EGYUTT2014,2014,0.29,0.779915964680058,,,
HU,7,ELOLANC,2014,,0.806260987873895,,,
HU,7,EP,2014,,1,,,
HU,7,EU. ROM,2014,,0.973070773373727,,,
HU,7,EUROPAI BALOLDAL,2014,,0.125620465826651,,,
HU,7,FIDESZ-KDNP,2014,43.55,0.0434001843147742,,434,86061
HU,7,FKGP,2014,0.16,0.551199745891343,,,
HU,7,HATMAP,2014,,1,,,
HU,7,HNEM,2014,0.48,0.909629591542456,,,
HU,7,JESZ,2014,0.2,0.284778493622184,,,
HU,7,JOBBIK,2014,20.69,0.148105736788798,,600,86710
HU,7,KALOZPART,2014,,1,,,
HU,7,KISGAZDAPART-MIEP,2014,,0.959689948878172,,,
HU,7,KMSZ,2014,,1,,,
HU,7,KTI,2014,0.22,0.514725012661642,,,
HU,7,LMP,2014,5.47,0.293855116836285,,403,86110
HU,7,MACSEP,2014,,0.985958396604402,,,
HU,7,MAJP,2014,,1,,,
HU,7,MCF,2014,,1,,,
HU,7,MCP,2014,0.18,0.458821757531599,,,
HU,7,MDU,2014,,1,,,
HU,7,MEGUJULASPART,2014,,1,,,
HU,7,MG,2014,0.002,1,,,
HU,7,MGP,2014,,1,,,
HU,7,MKSZU,2014,,0.949510589312402,,,
HU,7,MNOO,2014,0.23,1,,,
HU,7,MNP,2014,,1,,,
HU,7,MROO,2014,0.01,1,,,
HU,7,MRPP,2014,,1,,,
HU,7,MSZDP,2014,,0.80499387254902,,,
HU,7,MSZMP,2014,0.57,0.593209469831374,,,
HU,7,MSZP-EGYUTT-DK-PM-MLP,2014,26.21,0.267882376212428,,1591,
HU,7,NEMZETI ERDEKERT,2014,,0.878781978894903,,,
HU,7,NEMZETI FORR.PART,2014,,0.00628588286019016,,,
HU,7,NEP,2014,,1,,,
HU,7,NOP,2014,,1,,,
HU,7,OHOM,2014,0.02,1,,,
HU,7,OLO,2014,0.002,1,,,
HU,7,OO,2014,0.002,1,,,
HU,7,OP,2014,0.13,0.732881594352925,,,
HU,7,ORO,2014,0.08,0.97605351893904,,,
HU,7,OROM,2014,0.08,0.758279721740312,,,
HU,7,OSZO,2014,0.02,1,,,
HU,7,OSZOM,2014,0.003,1,,,
HU,7,REND PART,2014,,1,,,
HU,7,"REND, SZABADSAG",2014,,1,,,
HU,7,SD,2014,0.31,0.998529579111175,,,
HU,7,SEM,2014,0.25,0.982450252954971,,,
HU,7,SMS,2014,0.45,0.692811773127884,,,
HU,7,SZAVA,2014,,1,,,
HU,7,SZDP,2014,,0.815858538054468,,,
HU,7,SZEM-NOPART,2014,,0.95081263256516,,,
HU,7,SZMP,2014,,1,,,
HU,7,SZOO,2014,0.005,1,,,
HU,7,TBP,2014,,1,,,
HU,7,TEMPO,2014,,1,,,
HU,7,UDP,2014,0.04,0.999096811933822,,,
HU,7,UGP,2014,,1,,,
HU,7,UMP,2014,0.03,0.941080726779532,,,
HU,7,UOO,2014,0.01,1,,,
HU,7,ZP,2014,0.37,0.883322175597458,,,
LT,1,KDJLSSUVL,1992,3.553,,0.403626563853709,383,
LT,1,LCJ,1992,2.524,,0.686493385591549,887,88420
LT,1,LDDP,1992,43.976,,0.319243261298985,519,88220
LT,1,LJC,1992,0.26,,1,,
LT,1,LKDP,1992,12.61,,0.448711825908073,675,88529
LT,1,LLL,1992,1.186,,0.672057306062524,1782,
LT,1,LLS,1992,1.511,,0.697751176789822,,
LT,1,LNJ,1992,0.7,,0.626967729036307,,
LT,1,LPKTS,1992,,,0.636789813466232,1447,88523
LT,1,LPS,1992,0.102,,0.657016087564727,,
LT,1,LRTPJ,1992,1.067,,0.624447496873939,,
LT,1,LSDP,1992,6.048,,0.55683927066549,1408,88320
LT,1,LTJSJL,1992,,,0,,
LT,1,LTS,1992,1.986,,0.692071574639106,432,88710
LT,1,NP,1992,,,0,,
LT,1,SANDRAUGA,1992,0.224,,1,,
LT,1,SK,1992,21.172,,0.341770013394235,1045,88421
LT,1,VPJ-LLS,1992,0.418,,0.479173725525197,,
LT,1,VPJ-UST,1992,0.524,,0.832499640258425,,
LT,2,KDS,1996,3.24,0.31881815603587,0.562506618545154,493,
LT,2,LCS,1996,8.672,0.474739072597131,0.176698534765387,887,88420
LT,2,LDDP,1996,10.011,0.346649646553798,0.347377557111321,519,88220
LT,2,LGLP,1996,0.257,1,0.881396029491628,,
LT,2,LKDP,1996,10.426,0.547148433917422,0.213935234063608,675,88521
LT,2,LLAS,1996,1.569,0.42797144131818,0.339800163034051,1562,
LT,2,LLL,1996,0.96,0.353139132966717,0.61122398494916,,
LT,2,LLP,1996,0.201,1,0.623732776864959,,
LT,2,LLRA,1996,3.14,0.562453601899485,0.517409792731862,28,88951
LT,2,LLS,1996,1.93,0.741119388384224,0.287910029003469,378,
LT,2,LMP,1996,3.86,0.992872626991578,0.814511235105598,1261,
LT,2,LNP-JP,1996,4.01,0.295494160405651,0.498462927751969,383,
LT,2,LPA,1996,2.55,1,0.981060670748975,2036,
LT,2,LPKTS,1996,1.575,0.286887228162547,0.662637524541705,1447,
LT,2,LRS,1996,1.71,1,0.556725051313318,863,
LT,2,LRefP,1996,,0.774274634484815,1,,
LT,2,LSDP,1996,6.944,0.405210676925973,0.202644698503417,1408,88320
LT,2,LSS,1996,0.76,0.822443613927666,0.792647639092563,,
LT,2,LSTS,1996,0.94,0.811360532214407,1,,
LT,2,LT-LDP,1996,2.2,0.1350491946703,0.338249821778765,1144,
LT,2,LUKP,1996,1.26,0.668201503972091,0.929329557258942,2037,
LT,2,LVP,1996,1.75,0.833337746642865,0.417060903645882,1632,
LT,2,NJR96,1996,,0.886790241198183,0.253163032575878,,
LT,2,NeprP,1996,,0.448428438787684,0.803169968251073,,
LT,2,RP,1996,0.39,0.985776642817645,0.601647228332435,,
LT,2,TPP,1996,0.3,0.514885097118853,0.502035008466369,,
LT,2,TS,1996,31.34,0.546948998098583,0.376813924425272,1045,88620
LT,3,BSDA,2000,31.082,0.253302142003872,0.186870433747236,519,88321
LT,3,JL-NTS,2000,1.15,0.31342974608035,0.481545512198289,383,
LT,3,KDS,2000,4.19,0.431943797487618,0.604227304226994,493,
LT,3,LCS,2000,2.857,0.395819761488317,0.516920634232666,887,88420
LT,3,LDP,2000,,0,1,,
LT,3,LKDP,2000,3.074,0.250824474122271,0.490802352571598,675,88521
LT,3,LLAS,2000,1.27,0.22700483646784,0.535600888345226,1562,
LT,3,LLL,2000,,0,1,,
LT,3,LLRA,2000,1.947,0.292429350251063,0.181116482961373,28,88951
LT,3,LLS,2000,17.252,0.673041441097259,0.298260285459824,378,88422
LT,3,LLS-UTL,2000,1.47,0.462440034975481,0.273605374078015,2039,
LT,3,LPKTS,2000,,0,1,,
LT,3,LSP,2000,,0.990240708214661,1,,
LT,3,LTP,2000,,1,1,,
LT,3,LTS,2000,0.88,0.344455757794366,0.815209233244969,,
LT,3,LVP,2000,4.081,0.644543509011638,0.516374427590866,1632,88810
LT,3,MKDS,2000,,0.120259170797123,0.124282567501941,,
LT,3,NKS,2000,2.01,0.353437557737728,0.403660233587371,709,
LT,3,NS,2000,19.636,0.850021377724703,0.33161950870763,856,88410
LT,3,RP,2000,,0.00187354929048166,0.996360683931451,,
LT,3,SD 2000,2000,0.49,0.21196631424248,0.354632108075978,,
LT,3,TLP,2000,,0.754497750727082,0.95453151789235,,
LT,3,TS,2000,8.622,0.302043121250997,0.331113261754224,1045,88620
LT,4,DP,2004,28.439,0.898255775104672,0.348093539310525,581,88440
LT,4,KKSS,2004,1.96,0.0816651611653368,0.457574826113004,709,
LT,4,LICS,2004,9.189,0.255041121541278,0.142707967134876,983,88430
LT,4,LKD,2004,1.37,0.339544222477314,0.287618067287114,675,
LT,4,LLAS,2004,0.28,0.60491322895842,0.613797858895821,,
LT,4,LLLP,2004,,1,1,,
LT,4,LLRA,2004,3.8,0.393847301053387,0.112430254762821,28,88951
LT,4,LLS,2004,,1,1,,
LT,4,LRS,2004,,0,0,,
LT,4,LSS,2004,0.33,0.508749922565242,0.3969132172054,,
LT,4,LTS,2004,0.21,0.792926006237194,0.466552713742051,,
LT,4,NCP,2004,0.5,0.42720766359073,0.236168437134338,,
LT,4,NSSL,2004,,1,0,,
LT,4,RP,2004,0.36,0.7491952011596,0.99617197821882,,
LT,4,TPLK,2004,0.22,1,0.777374984282766,,
LT,4,TS,2004,14.754,0.281104904657431,0.192720336028718,1045,88620
LT,4,UTT,2004,11.358,0.511654158227394,0.409374913347939,1421,88041
LT,4,UdL,2004,20.646,0.140515653282231,0.107114717891804,1277,88031
LT,4,VNDS,2004,6.6,0.338210644534389,0.262973744697223,191,88820
LT,5,FP,2008,3.24,0.527132786715495,0.642711247478381,1056,
LT,5,KDPJ,2008,8.987,0.271896446459719,0.0856289767873632,581,88042
LT,5,LCP,2008,0.7,0.311125297692248,0.349916643685372,,
LT,5,LICS,2008,5.343,0.163311510092256,0.1119725991653,983,88430
LT,5,LLAS,2008,,0.330593368583279,0.330593368583279,,
LT,5,LLRA,2008,4.79,0.101496986953049,0.126288300181316,28,88951
LT,5,LLSUTS,2008,,0.630391995542944,0,,
LT,5,LRLS,2008,5.73,0.281318801928644,0.163499884444202,482,88450
LT,5,LRS,2008,0.92,0.359045426469813,0.576191705544038,,
LT,5,LSDP,2008,11.716,0.0937427400902178,0.2782734924206,1277,88320
LT,5,LSS,2008,0.86,0.484065142280935,0.443676515080427,,
LT,5,LVLS,2008,3.73,0.244393635924118,0.632697254817883,191,88820
LT,5,NS,2008,3.64,0.298820098988966,0.467881277552651,856,88410
LT,5,PDP,2008,1.11,0.655837914332721,0.753274645997469,676,
LT,5,PJL,2008,1.75,0.263384945870666,0.611699968131169,383,
LT,5,PTT,2008,12.677,0.240226492185501,0.210088536588065,1421,88460
LT,5,TPP,2008,15.091,0.949634573485851,0.497256300971305,1502,88630
LT,5,TS-LKD,2008,19.715,0.222967133915326,0.13434541654534,1045,88621
LT,6,DDVP,2012,0.32,1,,,
LT,6,DK,2012,8.342,0.873897004641744,,2121,88952
LT,6,DP,2012,20.694,0.25114174004281,,581,88440
LT,6,EP,2012,0.29,1,,,
LT,6,KLS,2012,,0.398998024727486,,,
LT,6,KP,2012,1.2,0.413656139798196,,709,
LT,6,LICS,2012,2.06,0.112025219073027,,983,
LT,6,LK,2012,,0,,,
LT,6,LLRA,2012,6.085,0.153087185375281,,28,88951
LT,6,LPP,2012,,1,,,
LT,6,LRLS,2012,8.953,0.402392679703622,,482,88450
LT,6,LS,2012,,0.0337091708767541,,,
LT,6,LSDP,2012,19.176,0.24165657545756,,1277,88320
LT,6,LVZS,2012,4.05,0.504555442233626,,191,88820
LT,6,LZP,2012,0.25,0.925617384413469,,,
LT,6,LZS,2012,,1,,,
LT,6,NSULL,2012,0.94,0.464185552989278,,,
LT,6,PJL,2012,0.63,0.284522641772712,,,
LT,6,PTT,2012,7.631,0.13756386433317,,1421,88460
LT,6,RP,2012,0.27,0.458868514940434,,,
LT,6,SLF,2012,1.21,0.554992160091043,,1056,
LT,6,TAIP,2012,1.76,0.327188162659448,,2122,
LT,6,TS-LKD,2012,15.745,0.125351193121688,,1045,88621
LT,6,ZP,2012,,1,,,
LV,2,DPS,1995,15.222,,0.32202254527396,759,87411
LV,2,DeP,1995,0.26649,,0.466304236275915,,
LV,2,LC,1995,14.714,,0.411040727735213,526,87410
LV,2,LDDP+ISDP+T,1995,4.56347,,0.250152914333758,2418,
LV,2,LKPP,1995,1.24807,,1,,
LV,2,LLiP,1995,0.2264,,0.806131858307977,,
LV,2,LNDP,1995,0.14308,,0.420401640404374,,
LV,2,LNNK-LZP,1995,6.346,,0.221749919042084,1557,87611
LV,2,LSP,1995,5.607,,0.543316125447393,309,87310
LV,2,LTF,1995,1.16078,,0.176159237354689,42,
LV,2,LVP,1995,7.182,,0.540919606095815,1042,87320
LV,2,LZS,1995,1.36164,,0.471214701106807,2417,
LV,2,LZS-LKDS-LDP,1995,6.361,,0.542594336487798,239,87811
LV,2,MLNP,1995,0.99101,,0.487615881479581,1163,
LV,2,MZ+PrA,1995,0.52858,,0.468582689531797,,
LV,2,TKL-ZP,1995,14.966,,0.177658469511444,267,87722
LV,2,TPAT,1995,1.48724,,0.489142705614081,278,
LV,2,TSP,1995,5.577,,0.454093061757497,32,87421
LV,2,TUB,1995,11.993,,0.259561379899481,203,87721
LV,3,DP+KDS+LZP,1998,2.29,0.0509980662332714,0.601184657102799,1001,
LV,3,DPS,1998,1.6,0.0195280330298389,0.569824507256633,759,87411
LV,3,DeP,1998,0.08,0.48770769724679103,0.999889840375526,,
LV,3,H86,1998,0.22,0.741885732949514,0.986747351285796,,
LV,3,JP,1998,7.348,0.93266982781305,0.444743878457063,550,87431
LV,3,KP,1998,0.24,1,0.8747296910577,,
LV,3,LAP,1998,0.52,0.736976243066904,0.24410964563408,,
LV,3,LC,1998,18.148,0.256445476444795,0.0109959465325627,526,87410
LV,3,LNDP,1998,0.3,0.586026495015307,0.75953356241661,,
LV,3,LNRP,1998,0.05,0.505349791998059,1,,
LV,3,LSDA,1998,12.878,0.368149573660741,0.31737611891826,2418,87311
LV,3,LVP,1998,0.46,0.672627768518478,0.802438724116561,1042,87320
LV,3,LZS,1998,2.47,0.688088958663559,0.522963308881863,1368,
LV,3,MaZ,1998,0.23,0.840413330622613,0.965357494408583,,
LV,3,NPP,1998,0.47,0.531251859211548,0.321809360994844,,
LV,3,SDSO,1998,0.33,0.863830593720417,1,,
LV,3,TB-LNNK,1998,14.732,0.00869202548033603,0.102937900102834,521,87723
LV,3,TKB,1998,0.32,0.344803677352709,0.170319499943628,,
LV,3,TKL,1998,1.73,0.00181042666780863,0.428940083420186,267,
LV,3,TP,1998,21.305,0.515006232997693,0.0528478772765746,811,87610
LV,3,TSP,1998,14.201,0.258508412168814,0.151059658892705,32,87421
LV,4,BP,2002,0.2,0.852674892917236,0.998509150818666,,
LV,4,JL,2002,23.979,0.967496841033609,0.237991686238153,1518,87423
LV,4,KrP,2002,0.5,0.711568032934298,0.703304567305235,,
LV,4,LAP,2002,0.3,0.38256388641906,0.611684883872062,,
LV,4,LARP,2002,0.1,0.809824233021815,0.618963405433338,,
LV,4,LC,2002,4.9,8.8341001717089e-4,0.617956220193408,526,87410
LV,4,LG,2002,1.6,0.938294257386192,0.804374608311562,956,
LV,4,LP,2002,0.4,0.998410716530912,0.997396285492864,,
LV,4,LPP,2002,9.569,0.663457537324726,0.250479811799651,1043,87521
LV,4,LSDSP,2002,4,0.306970493524049,0.388919779496734,1656,
LV,4,MaZ,2002,0.2,0.578370144265509,0.594130692619476,,
LV,4,PAC,2002,0.6,0.0909984103993638,0.780853217424992,,
LV,4,PCP,2002,0.1,0.816065440684042,0.632637297182357,,
LV,4,PCTVL,2002,19.095,0.496554325813983,0.262960549636065,1520,87422
LV,4,PMZ,2002,0.1,0.679496892193787,0.693329468152205,,
LV,4,SDLP,2002,1.3,0.739373568105634,0.505796496459796,257,
LV,4,SDS,2002,1.5,0.228455338828211,0.596293883275032,1608,
LV,4,TB-LNNK,2002,5.392,0.118203515190571,0.534793712828558,521,87723
LV,4,TP,2002,16.687,0.134864785094389,0.274588993028542,811,87610
LV,4,ZZS,2002,9.468,0.31230780677644,0.239226651215181,466,87110
LV,5,Dzimtene,2006,2.08,0.514727098808915,0.82370585441404,257,
LV,5,Eurosceptics,2006,0.37,0.70414958096093,0.687728560929737,,
LV,5,JD,2006,1.27,0.696227429098727,0.693895366338815,1294,
LV,5,JL,2006,16.376,0.220336638588035,0.408490982370403,1518,87423
LV,5,LL-Np-L-A-O,2006,0.12,0.562179105399815,0.645916004122487,,
LV,5,LLP-LC,2006,8.581,0.14881916151525,0.116129072753346,662,87041
LV,5,LSDSP,2006,3.5,0.478964944395211,0.479729158713777,1656,
LV,5,MaZ,2006,0.48,0,1,,
LV,5,NSS,2006,0.13,0.831609723165465,0.999999992126294,,
LV,5,PCTVL,2006,6.026,0.418847149816711,0.267376366065495,1520,87422
LV,5,PMZ,2006,0.23,0.59440344756058,0.511745888398745,,
LV,5,PSP,2006,0.79,0.662196166058352,0.494915786258525,,
LV,5,PTS,2006,0.12,0.794368600895348,0.393547833328725,,
LV,5,PVL,2006,1.48,0.999968955106269,0.43978473270843,801,
LV,5,SC,2006,14.423,0.579619202127585,0.381139277818465,1100,87021
LV,5,STP,2006,0.17,0.832282199300544,0.702480532131441,,
LV,5,TB-LNNK,2006,6.941,0.38542291070552,0.326856606231028,521,87723
LV,5,TP,2006,19.558,0.100282843898434,0.392177554047836,811,87610
LV,5,ZZS,2006,16.705,0.32113136567804,0.246472673696667,466,87110
LV,6,ATBILDIBA,2010,0.64,0.345374721408791,0.367063569061695,,
LV,6,KDS,2010,0.36,0.93538672056509,0.512305043276526,,
LV,6,PCTVL,2010,1.43,0.23413650229748,0.413825426846699,1520,
LV,6,PDP,2010,0.17,0.843211195152455,0.501188403974755,,
LV,6,PLL,2010,7.819,0.403223316369749,0.551797512062008,1667,87061
LV,6,PP,2010,0.86,1,0.338650498200506,,
LV,6,PPR,2010,0.74,0.833169805679615,0.518280864181235,,
LV,6,PVL-TB-LNNK,2010,7.835,0.324702221414251,0.486254557902984,521,87071
LV,6,RL,2010,0.97,0.933398254806104,0.995061869294851,,
LV,6,SC,2010,26.608,0.458571186235075,0.26370568644119,1100,87021
LV,6,TK,2010,0.41,0.70353880877975,0.431077512462858,,
LV,6,Vienotiba,2010,31.903,0.541966560697524,0.199793101111749,1666,87062
LV,6,ZZS,2010,20.112,0.373598785406888,0.248960560016339,466,87110
LV,7,KDS,2011,0.217,0.439680601883293,0.822407718620771,,
LV,7,LPP-LC,2011,2.415,0.332891163325944,0.73925614950484,662,
LV,7,LSDSP,2011,0.276,0.0425307610149639,0.466034369308854,,
LV,7,PB,2011,0.375,1,0.238760139066448,,
LV,7,PCTVL,2011,0.776,0.107344373193707,0.273365341957002,,
LV,7,PP,2011,0.488,0.139770764170938,1,,
LV,7,PPR,2011,0.314,0.0345257743113999,0.772096986350431,,
LV,7,PVL-TB-LNNK,2011,14.006,0.376097092301052,0.199643722328483,521,87071
LV,7,SC,2011,28.62,0.181789644825838,0.266489708274382,1100,87021
LV,7,TK,2011,0.281,0.179746502359766,0.653763678732298,,
LV,7,Vienotiba,2011,19,0.118672654380315,0.404940895679157,1666,87062
LV,7,ZRS,2011,21.014,0.9097985139134,0.500483380258856,1942,87620
LV,7,ZZS,2011,12.327,0.0192656937650591,0.211995588591154,466,87110
LV,8,JKP,2014,0.7,0.688140271016333,,,
LV,8,LATT,2014,0.89,0.887243962572868,,,
LV,8,LKRS,2014,1.58,0.35802940526773,,1520,
LV,8,LRA,2014,6.708,0.696551426801417,,2366,87901
LV,8,NSL,2014,6.897,0.75614368886433,,2365,87630
LV,8,PB,2014,0.19,0.249574424042299,,,
LV,8,PPI,2014,0.17,1,,,
LV,8,PVL-TB-LNNK,2014,16.719,0.261187486470433,,521,87071
LV,8,SC,2014,23.153,0.318807358332084,,1100,87340
LV,8,SUV,2014,0.11,0.80384395310627,,,
LV,8,VL,2014,1.18,0.74055703508385,,2367,
LV,8,Vienotiba,2014,22.011,0.292683463763723,,1666,87062
LV,8,ZZS,2014,19.658,0.354266343314711,,466,87110
PL,1,B,1991,0.013,,1,,
PL,1,BHO,1991,0.028,,0.999574630516186,,
PL,1,BKW,1991,0.054,,0.969177448976945,,
PL,1,BLGWR,1991,0.036,,0.552462676220365,,
PL,1,BLJL,1991,0.168,,0.999999709014606,,
PL,1,BLN,1991,0.034,,1,,
PL,1,BPiST,1991,0.017,,0.996706601648208,,
PL,1,Blok Ludowo-Chrzescijanski,1991,0.327,,0.737097216402578,,
PL,1,ChDSP,1991,2.364,,0.621614879416933,334,92520
PL,1,DNS,1991,0.009,,1,,
PL,1,Eko-Zieloni,1991,0.573,,0.901099384445024,,
PL,1,Ekologia,1991,0.009,,1,,
PL,1,GKN,1991,0.01,,1,,
PL,1,K,1991,0.026,,1,,
PL,1,KKSZP,1991,0.246,,0.231313868292498,,
PL,1,KLD,1991,7.487,,0.528922259778765,1544,92420
PL,1,KO,1991,0.044,,0.999545092653424,,
PL,1,KP-FB,1991,0.024,,1,,
PL,1,KPMB,1991,0.051,,0.698695743270431,,
PL,1,KPN,1991,7.503,,0.345346481639081,548,92710
PL,1,KSK,1991,0.017,,0.970339003889695,,
PL,1,KWP,1991,0.123,,1,,
PL,1,KWPTC,1991,0.005,,1,,
PL,1,KWSG,1991,0.042,,0.581258677948294,,
PL,1,KWSR,1991,0.029,,0.190217457186033,,
PL,1,KWWGP,1991,0.027,,1,,
PL,1,Klos,1991,0.037,,0.0535381793105871,,
PL,1,Koalicja Republikanska,1991,0.21,,0.585778858231825,,
PL,1,Kongres Rzeczpospolitej Samorzadnej,1991,0.107,,0.91480918589504,,
PL,1,LD,1991,0.013,,0.936217680140023,,
PL,1,LNP,1991,0.023,,0.332886418395147,,
PL,1,LNzRZ,1991,0.012,,1,,
PL,1,LNzRZw,1991,0.014,,1,,
PL,1,LPWP,1991,0.375,,4.957998743876e-4,,
PL,1,MN,1991,1.177,,0.790319062891788,900,92953
PL,1,MNKW,1991,0.025,,0.0811209877594661,,
PL,1,MUW,1991,0.016,,1,,
PL,1,N'91,1991,0.009,,1,,
PL,1,N-P,1991,0.05,,1,,
PL,1,NEiR,1991,0.044,,0.365730387860198,,
PL,1,NKWK,1991,0.046,,0.70394262831127,,
PL,1,NM -PiP,1991,0.054,,0.741902270898242,,
PL,1,NP,1991,0.049,,1,,
PL,1,NSZZ Solidarity,1991,5.05,,0.480684591031598,108,92320
PL,1,NSZZP,1991,0.2,,0.781887131158773,,
PL,1,Narodowy KW,1991,0.019,,0.999264618477589,,
PL,1,O,1991,0.026,,0.733947354063653,,
PL,1,OPDG,1991,0.027,,0.870949694584654,,
PL,1,PChD,1991,1.117,,0.592541472111832,696,92522
PL,1,PETEP,1991,0.017,,1,,
PL,1,PK-L,1991,0.023,,1,,
PL,1,PKO,1991,0.032,,1,,
PL,1,PL,1991,5.47,,0.506654169511769,619,92810
PL,1,POC,1991,8.712,,0.443826015894194,369,92521
PL,1,POpDS,1991,0.04,,0.999545101628507,,
PL,1,PPB,1991,0.031,,1,,
PL,1,PPD,1991,0.017,,0.274634632639714,,
PL,1,PPN,1991,0.007,,0.899502443501037,,
PL,1,PPPP,1991,3.272,,0.81493797451031,1691,92431
PL,1,PPZ,1991,0.033,,1,,
PL,1,PRZYMIERZE,1991,0.268,,0.865884286214906,,
PL,1,PSL,1991,8.673,,0.245572506224435,664,92811
PL,1,PWN-PSN,1991,0.047,,0.307494630746643,,
PL,1,PWSR,1991,0.017,,1,,
PL,1,PX,1991,0.47,,0.38607949966624,181,92712
PL,1,PZM,1991,0.075,,1,,
PL,1,PZZ,1991,0.225,,0.680740079327166,1074,92711
PL,1,PZZ-RPWiM,1991,0.007,,0.384098266328472,,
PL,1,PZiE,1991,0.018,,1,,
PL,1,Partia Wolnosci,1991,0.702,,0.722395690241786,,
PL,1,PeKaPeeS,1991,0.006,,1,,
PL,1,Polska Partia Ekologiczna - Zieloni,1991,0.818,,0.723849322852967,,
PL,1,R,1991,0.02,,1,,
PL,1,RAS,1991,0.357,,0.582016464903242,1208,92952
PL,1,RDS,1991,0.46,,0.783826701928827,,
PL,1,RFW,1991,0.069,,0.995049882711779,,
PL,1,RLL-S,1991,0.047,,0.200862048786652,,
PL,1,RN-L-RS,1991,0.016,,0.779179997822474,,
PL,1,RNP,1991,0.009,,0.831828457601899,,
PL,1,ROS,1991,0.03,,0.999997869930293,,
PL,1,RRKOwZ,1991,0.024,,0.151790714594865,,
PL,1,RRdZ,1991,0.015,,0.50688600406125,,
PL,1,RWPP,1991,0.024,,0.999999822409451,,
PL,1,RiK,1991,0.078,,0.965045158578055,,
PL,1,Ruch Powszechnej Wlasnosci,1991,0.041,,0.511693857962669,,
PL,1,Rzemioslo i Mala Przedsiebiorczosc,1991,0.126,,0.697510648947946,,
PL,1,S'80imJP,1991,0.036,,0.946371193001568,,
PL,1,S2000,1991,0.018,,0.820901250391619,,
PL,1,S80,1991,0.114,,0.325798615016675,,
PL,1,S80SD,1991,0.101,,0.761349273685281,,
PL,1,SD,1991,1.417,,0.808155613821459,1216,92211
PL,1,SKPTZ,1991,0.017,,0.316683484378975,,
PL,1,SKW,1991,0.021,,0.502177391322723,,
PL,1,SLD,1991,11.987,,0.333160287810181,629,92210
PL,1,SLiE,1991,0.049,,0.229752248847619,,
PL,1,SN,1991,0.66,,0.761102381495725,,
PL,1,SP,1991,2.059,,0.598581123962696,18,92321
PL,1,SRK,1991,0.035,,0.993151906138297,,
PL,1,SS,1991,0.016,,1,,
PL,1,SSKW,1991,0.006,,1,,
PL,1,Sam,1991,0.01,,0.375621867726842,,
PL,1,UD,1991,12.319,,0.335845219747524,1104,92410
PL,1,UP,1991,0.024,,0.998502408787195,,
PL,1,UPR,1991,2.255,,0.417015972268009,1549,92432
PL,1,UWL,1991,0.08,,0.999998274851083,,
PL,1,Victoria,1991,0.045,,0.674340090946041,,
PL,1,WAK,1991,8.738,,0.47007308389645,1758,92530
PL,1,WIP,1991,0.207,,0.035907806783786,,
PL,1,WIS,1991,0.006,,1,,
PL,1,WKOwT,1991,0.086,,1,,
PL,1,WKS,1991,0.053,,0.497301817530578,,
PL,1,Wp '91,1991,0.012,,1,,
PL,1,Wyborczy Blok Mniejszosci,1991,0.262,,0.870043262115183,,
PL,1,ZERiI,1991,0.035,,0.307682041754381,,
PL,1,ZP,1991,0.238,,0.0159570733710949,,
PL,1,ZPSE,1991,0.794,,0.892367957339411,,
PL,1,ZZMPKP,1991,0.034,,0.476405675188189,,
PL,2,BBWR,1993,5.412,0.681562578784429,0.775672988177259,1019,92901
PL,2,DFK,1993,0.17,0.512627864681415,0.0725943452181736,2287,
PL,2,KDR,1993,2.7,0.534344892808781,0.699086847918092,1710,
PL,2,KLD,1993,3.99,0.529716393729462,0.782330032631566,1544,92420
PL,2,KPN,1993,5.766,0.208736378298113,0.689002609901871,548,92710
PL,2,KWSD,1993,0.003,1,1,,
PL,2,MN,1993,0.44,0.842163314609579,9.48099236342248e-5,900,92953
PL,2,MN_C,1993,0.07,0.078673621046811,0.147436719320192,,
PL,2,MN_O,1993,0.02,1,1,,
PL,2,NOT,1993,0.16,0.952837801908165,0.821185439059826,,
PL,2,NSZZ Solidarity,1993,4.9,0.680950043509187,0.621126096705711,108,
PL,2,NTO,1993,0.003,1,1,,
PL,2,OKN,1993,0.05,1,0.711375200964122,,
PL,2,Ojczyzna-LP,1993,0.12,0.686442042897311,0.702048282724069,,
PL,2,PC,1993,4.42,0.531612040440742,0.654081592823164,369,
PL,2,PFN,1993,0.004,1,1,,
PL,2,PFP,1993,0.002,1,0.502157020118824,,
PL,2,PP,1993,0.1,0.559637588539498,0.263097721746898,,
PL,2,PPOK,1993,0.005,0.50024034612335,2.4034612335004e-4,,
PL,2,PPPP,1993,0.1,0.850443754782846,0.900369318190478,,92431
PL,2,PSL,1993,15.398,0.499325895797652,0.335129223202567,664,92811
PL,2,PSL-PL,1993,2.37,0.700081868203603,0.782281913586215,619,
PL,2,PUP,1993,0.05,0.640247871378492,0.832849425346169,,
PL,2,PWN-PSN,1993,0.12,0.77268251505386,0.886644960570573,,
PL,2,PX,1993,2.74,0.890019975526858,0.856911595507192,181,
PL,2,RAS,1993,0.19,0.719945895636354,0.719945895636354,,
PL,2,RPP,1993,0.016,0.490777226197753,0.745388613098877,,
PL,2,SLD,1993,20.405,0.467670512026393,0.235174830295203,629,92210
PL,2,SO-L,1993,2.78,0.844027351724346,0.855256023372923,207,
PL,2,UD,1993,10.59,0.364457290260455,0.398682829156482,1104,92410
PL,2,UP,1993,7.285,0.661810888331897,0.417489944469269,838,92322
PL,2,UPR,1993,3.18,0.509321367045634,0.498190165282135,1549,
PL,2,WAR,1993,0.01,1,1,,
PL,2,ZB,1993,0.07,0.100706474447623,0.00151488939791681,,
PL,2,ZCHN,1993,6.37,0.406797330888572,0.579635641277061,1758,
PL,3,AWS,1997,33.827,0.479737244071353,0.358651774990539,1355,92620
PL,3,BP,1997,1.36,0.725633015440938,0.773732734793357,1712,
PL,3,DFK,1997,0.13,0.240000252593744,0.783142114647004,,
PL,3,KPEIR,1997,2.18,0.831572278690817,0.833763265718532,109,
PL,3,KPEIRRP,1997,1.63,0.752481239355648,0.80796515215651,1275,
PL,3,MN,1997,0.39,2.95424166983776e-5,5.7364898178014e-5,900,92953
PL,3,MN_C,1997,0.01,1,1,,
PL,3,MN_O,1997,0.01,1,1,,
PL,3,NIB,1997,0.01,1,7.47063362741851e-6,,
PL,3,PP,1997,0.03,0.237411853749399,0.237411806106157,,
PL,3,PPS,1997,0.01,0.984743856015628,0.508699636248171,,
PL,3,PSL,1997,7.306,0.216946411864515,0.332645133778925,664,92811
PL,3,PWN-PSN,1997,0.07,0.541217973126371,0.734145884616416,,
PL,3,ROP,1997,5.555,0.55464525585283,0.721211892745717,148,92621
PL,3,SLD,1997,27.133,0.277147776925539,0.32708609547666,629,92210
PL,3,SO,1997,0.08,0.508757542131776,0.612532465428876,,
PL,3,UP,1997,4.74,0.423806423347799,0.745622009856299,838,92322
PL,3,UPRP,1997,2.03,0.537727174633003,0.735960373458369,1549,
PL,3,UW,1997,13.367,0.292581215779068,0.496066152571504,1104,92434
PL,3,ZWTSK,1997,0.05,0.0536178056659972,0.00154915568873154,,
PL,4,ALT,2001,0.4,0.636504330904368,0.741167682842324,,
PL,4,AWSP,2001,5.6,0.154552661073254,0.758284527419436,1355,92620
PL,4,LPR,2001,7.875,0.662414147108666,0.550191238033639,987,92713
PL,4,MN,2001,0.363,0.495089296023113,0.577827609404151,900,92953
PL,4,MNGS,2001,0.1,0.111298003531304,0.0137845304047731,,
PL,4,PIS,2001,9.501,0.636807544291583,0.384966196407539,528,92436
PL,4,PO,2001,12.683,0.662966261618207,0.468089822049569,512,92435
PL,4,PPS,2001,0.1,0.945954040915116,0.891693779835136,,
PL,4,PSL,2001,8.977,0.327886023492846,0.486013089683549,664,92811
PL,4,PUG,2001,0.1,0.987928320974063,0.891224951447444,,
PL,4,PWN,2001,0.02,0.885116115207358,0.883566126944881,,
PL,4,SLD-UP,2001,41.04,0.402372085531891,0.469693987271976,629,92212
PL,4,SRP,2001,10.198,0.875581278896957,0.435150961647948,207,92622
PL,4,UW,2001,3.1,0.401344376199008,0.74489070218574,1104,92434
PL,5,CNT,2005,0.185,0.727165252227093,0.870675992035202,,
PL,5,DO,2005,0.278,0.516957732399061,0.867015581899805,,
PL,5,LPR,2005,7.969,0.509723381805811,0.380160803519053,987,92713
PL,5,MN,2005,0.292,0.0175171526317794,0.0308607718816428,900,92953
PL,5,MNS,2005,0.047,0.999973517666341,0.896196586434586,,
PL,5,NOP,2005,0.062,0.667185509079784,0.988421536597548,,
PL,5,PD,2005,2.5,0.606207792782969,0.729570144536175,1104,92434
PL,5,PIRP,2005,0.101,0.985559522223607,0.990827935990459,,
PL,5,PIS,2005,26.987,0.503789916539257,0.223325230764062,528,92436
PL,5,PJKM,2005,1.6,0.815105052623903,0.529133374815211,1549,
PL,5,PKGP,2005,0.071,0.949262872241904,0.949396670538964,,
PL,5,PO,2005,24.137,0.467160316725351,0.314385352925624,512,92435
PL,5,PPN,2005,0.289,0.88427679995969,0.95077385063672,,
PL,5,PPP,2005,0.8,0.718470477785258,0.587868160412727,,
PL,5,PSL,2005,6.96,0.277840697644333,0.230309269951179,664,92811
PL,5,RP,2005,1.1,0.633228438552001,0.888098265390182,148,
PL,5,SLD,2005,11.311,0.254734590308118,0.320120850058199,629,92210
PL,5,SP,2005,3.9,0.502128218660322,0.579255539348097,1140,
PL,5,SRP,2005,11.414,0.591845611118033,0.45272248375922,207,92622
PL,5,STPR,2005,0.009,0.0943021331982386,1,,
PL,5,WOLO,2005,0.138,0.768649158560828,0.968636435523254,,
PL,5,WPR,2005,0.008,1,1,,
PL,6,LID,2007,13.152,0.292962259186093,0.506273662235232,180,92021
PL,6,LPR,2007,1.3,0.200948174901357,0.877130354214959,987,92713
PL,6,MN,2007,0.201,0.015616568996844,0.506958840127525,900,92953
PL,6,PIS,2007,32.111,0.138692466953426,0.263409171945259,528,92436
PL,6,PK,2007,0.3,0.999999978983705,0.963702295898301,,
PL,6,PO,2007,41.512,0.313169214463442,0.273043308857635,512,92435
PL,6,PPP,2007,1,0.522592644431338,0.781343603337838,,
PL,6,PSL,2007,8.906,0.368452455595781,0.417525126831901,664,92811
PL,6,SOP,2007,0.02,0.0712997450485513,0.999999876515123,,
PL,6,SRP,2007,1.5,0.256050415569963,0.69070477189943,207,92622
PL,7,KNP,2011,1.06,0.716744165969782,0.750114850676118,1549,
PL,7,MN,2011,0.195,0.275803918208234,0.277086549597205,900,92953
PL,7,NDP,2011,0.03,0.475045840552335,0.80417352263411,,
PL,7,PIS,2011,29.89,0.330911168314448,0.28015760821139,528,92436
PL,7,PJN,2011,2.19,0.721789115085217,0.848488404663909,1679,
PL,7,PO,2011,39.179,0.215557842121178,0.348558534229781,512,92435
PL,7,PPP,2011,0.55,0.62928782432807,0.825009414472158,,
PL,7,PSL,2011,8.362,0.278005539872457,0.436356648580463,664,92811
PL,7,Prawica,2011,0.24,0.717954003776562,0.816843709076296,,
PL,7,RUCHP,2011,10.018,0.948904562505629,0.632863599326318,1945,92440
PL,7,SLD,2011,8.242,0.382297150164197,0.560326399974232,629,92210
PL,8,JOWB,2015,0.1,0.822659075843487,,,
PL,8,KNP,2015,0.03,0.675564612377152,,,
PL,8,KORWIN,2015,4.76,0.780252513962109,,2602,
PL,8,KUKIZ15,2015,8.81,0.909589519613703,,2600,92720
PL,8,KWWZS,2015,0.28,0.89284308626518,,,
PL,8,MN,2015,0.18,0.275329012812198,,900,92953
PL,8,N,2015,7.6,0.967911597785623,,2601,92450
PL,8,OdP,2015,0.01,1,,,
PL,8,PIS,2015,37.58,0.257137931112813,,528,92436
PL,8,PO,2015,24.09,0.2837598120681,,512,92435
PL,8,PR,2015,3.62,0.980241157542129,,2625,
PL,8,PSL,2015,5.13,0.288699409308654,,664,92811
PL,8,RSRP,2015,0.03,0.995567102398718,,,
PL,8,SB,2015,0.09,0.93182658263613,,,
PL,8,SO,2015,0.03,0.581129101410429,,,
PL,8,ZL,2015,7.55,0.381227841638028,,629,92022
PL,8,ZdS,2015,0.12,0.999924977722463,,,
SI,4,DS,2000,0.75,,0.841663164603557,,
SI,4,DSS,2000,0.07,,1,,
SI,4,DeSuS,2000,5.16,,0.589119867973021,1587,97951
SI,4,GZS,2000,0.44,,0.671044735692704,,
SI,4,KPS,2000,0.18,,1,,
SI,4,LDS,2000,36.26,,0.469146969535951,1252,97421
SI,4,NPS,2000,0.31,,0.754528453824986,,
SI,4,NS,2000,0.59,,0.857684423705104,,
SI,4,NSi,2000,8.64,,0.776900456509753,1047,97522
SI,4,SDAS,2000,0.3,,1,,
SI,4,SDSS,2000,15.82,,0.364950246277958,179,97320
SI,4,SLS-SKD,2000,9.55,,0.414103425721439,16,97620
SI,4,SMS,2000,4.34,,0.434129416965618,1512,97952
SI,4,SNS,2000,4.38,,0.337464618650897,981,97710
SI,4,ZLSD,2000,12.08,,0.463126471966603,706,97321
SI,4,ZZ-ZSZA,2000,0.9,,0.889104325251838,,
SI,5,AS,2004,2.97,0.750203602740892,0.627642385105338,380,
SI,5,DS,2004,0.28,0.533751908734319,0.893292668931279,,
SI,5,DeSuS,2004,4.041,0.649766903847938,0.57631555107939,1587,97951
SI,5,GZS-ZZP-ZNS-NDS,2004,0.54,0.662525080114873,0.646951422308965,,
SI,5,JL,2004,0.9,0.998269055358111,0.982301456510941,,
SI,5,LDS,2004,22.8,0.46465872268178,0.521318340530676,1252,97421
SI,5,NPS,2004,0.1,0.964041481792961,0.717202971471643,,
SI,5,NSi,2004,9.091,0.514544241604315,0.509461424425609,1047,97522
SI,5,SD,2004,10.17,0.437629208443134,0.389874144477658,706,97322
SI,5,SDS,2004,29.079,0.536775790627843,0.310227134304711,179,97330
SI,5,SEG,2004,0.41,0.983102107715393,0.876636161947609,,
SI,5,SJN,2004,2.62,0.692603183080979,0.77325294820823,2019,
SI,5,SLIS,2004,0.07,1,1,,
SI,5,SLS,2004,6.816,0.223862752813467,0.475371117040535,16,97521
SI,5,SMS,2004,2.08,0.8729933091199,0.670576123105465,1512,
SI,5,SNS,2004,6.271,0.357498876905544,0.313199351280076,981,97710
SI,5,SSN,2004,0.27,0.893156977847943,0.568172962679942,,
SI,5,ZPJ,2004,0.56,0.982745016461949,0.876664446127869,,
SI,5,ZPRS,2004,0.15,0.784679133650267,0.85862678709643,,
SI,5,ZS,2004,0.69,0.716991606353936,0.310476612453962,,
SI,6,AK,2008,0.02,0.142855454096108,0.869680780439339,,
SI,6,DeSuS,2008,7.449,0.750352883484305,0.599209663886312,1587,97951
SI,6,KDS,2008,0.45,0.890558763368106,0.98302815620182,,
SI,6,LCPV,2008,0.39,0.768613199792463,0.786967011615675,,
SI,6,LDS,2008,5.21,0.531682585902456,0.844592198554978,1252,97421
SI,6,LIPA,2008,1.81,0.442708590745277,0.792652619675904,1946,
SI,6,LPR,2008,0.56,0.784522183603647,0.751675748033664,,
SI,6,NPS,2008,0.05,0.385245721336311,0.956097523908652,,
SI,6,NSi,2008,3.401,0.400365236728208,0.623330720499689,1047,97522
SI,6,SD,2008,30.45,0.482815084934118,0.47282326522114,706,97322
SI,6,SDS,2008,29.257,0.317045922587292,0.403899417933255,179,97330
SI,6,SLS,2008,5.211,0.442344714392052,0.481945421400278,16,97521
SI,6,SNS,2008,5.403,0.624751096016252,0.183099108439593,981,97710
SI,6,SSN,2008,0.25,0.74998998976071,0.999987398505444,,
SI,6,ZARES,2008,9.367,0.472568182619309,0.666104625258649,326,97440
SI,6,ZK,2008,0.21,0.751729544916332,0.876476978396302,,
SI,6,ZS,2008,0.51,0.890539012905237,0.554337743642778,,
SI,7,AK,2011,0.02,0.988498149553593,1,,
SI,7,DSD,2011,0.65,0.787660459003206,0.450706282204873,,
SI,7,DeSuS,2011,6.97,0.665986355644639,0.574218155891713,1587,97951
SI,7,GBS,2011,0.3,0.893320964994215,0.98328510835815,,
SI,7,LDS,2011,1.48,0.770746249008165,0.858100012845634,1252,97421
SI,7,LGV,2011,8.37,0.880259210420633,0.787092874704819,1988,97450
SI,7,NPS,2011,0.1,0.999997817030234,1,,
SI,7,NSi,2011,4.88,0.625230659493993,0.181614925788744,1047,97522
SI,7,PS,2011,28.51,0.826223426588036,0.518466791632968,1987,97340
SI,7,SD,2011,10.52,0.478031723901898,0.523807025035608,706,97322
SI,7,SDS,2011,26.19,0.394397662747278,0.292425857662309,179,97330
SI,7,SEM-SI,2011,0.18,0.999999923548349,1,,
SI,7,SHS,2011,0.03,1,1,,
SI,7,SLS,2011,6.83,0.569873219227108,0.674024813900499,16,97521
SI,7,SMS-Z,2011,0.86,0.678294445199844,0.998397222292234,,
SI,7,SNS,2011,1.8,0.25386190866295,0.582971048386183,981,97710
SI,7,SSN,2011,0.09,0.826420797855037,1,,
SI,7,TRS,2011,1.22,0.87787495081122,0.83451090339968,1989,
SI,7,ZARES,2011,0.65,0.289492685915134,0.982722734654557,,97440
SI,7,ZS,2011,0.36,0.554067449821269,0.470711404333394,,
SI,8,DL,2014,0.64,0.645630043443381,,,97450
SI,8,DeSuS,2014,10.18,0.55438297247984,,1587,97951
SI,8,ED-NPS,2014,0.25,1,,,
SI,8,KZL,2014,5.97,0.573252837324877,,2334,97020
SI,8,LGS,2014,0.05,1,,,
SI,8,NSi,2014,5.59,0.279588108198581,,1047,97522
SI,8,PS,2014,2.97,0.58535255302278,,1987,97340
SI,8,PSS,2014,1.34,1,,,
SI,8,SD,2014,5.98,0.38015518270723,,706,97322
SI,8,SDS,2014,20.71,0.304587241359786,,179,97330
SI,8,SHS,2014,0.01,1,,,
SI,8,SLS,2014,3.95,0.455550821452026,,16,97521
SI,8,SMC,2014,34.49,0.944479477607175,,2333,97461
SI,8,SNS,2014,2.2,0.630614972010241,,981,
SI,8,VERJAMEN,2014,0.78,0.894201159578381,,,
SI,8,ZAAB,2014,4.38,0.553494440690085,,2337,97460
SI,8,ZS,2014,0.53,0.538894046262531,,,
SK,3,DS,1994,3.43,,0.77286163865688,1000,
SK,3,DUS,1994,8.571,,0.492228001954316,1495,96421
SK,3,HZDS,1994,34.968,,0.326856145862776,1142,96711
SK,3,HZPCS,1994,1.05,,0.999575071150652,,
SK,3,KDH,1994,10.085,,0.406911756839919,1432,96521
SK,3,KSS,1994,2.73,,0.323094830685729,44,96222
SK,3,KSU,1994,2.06,,0.57019405450625,936,
SK,3,MK,1994,10.187,,0.361030597963493,559,96952
SK,3,NS,1994,1.33,,0.977106994748203,2237,
SK,3,ROMA,1994,0.68,,0.971428634151588,,
SK,3,RSDSS,1994,0.12,,1,,
SK,3,SD,1994,0.25,,0.80536141111817094,,
SK,3,SNS,1994,5.403,,0.3792822388637,1072,96710
SK,3,SPK,1994,1.32,,0.987382933630834,2238,
SK,3,SV,1994,10.416,,0.52382135826814,527,96221
SK,3,ZPR-REP,1994,0.05,,0.909637263545964,,
SK,3,ZRS,1994,7.349,,0.459153856826951,1563,96210
SK,4,BRRS,1998,0.13,1,0.487679859128005,,
SK,4,HTC,1998,0.07,0.958472522741074,0.876409877534711,,
SK,4,HZDS,1998,27.004,0.347096348862579,0.463522630151612,1142,96711
SK,4,JSPS,1998,0.11,0.909721699088587,0.933129161070733,,
SK,4,KSS,1998,2.8,0.499344464791962,0.410396261944543,44,96222
SK,4,MLHZP,1998,0.2,0.858933845272581,0.941182998331706,,
SK,4,NAS,1998,0.09,0.723930245669477,0.81473861456209,,
SK,4,NEI,1998,0.19,1,1,,
SK,4,NaSl,1998,0.48,0.902979296330027,0.747193702124445,,
SK,4,SDK,1998,26.331,0.23629649182891,0.50007194503736,313,96522
SK,4,SDL,1998,14.662,0.424669767395867,0.461591636287628,1415,96220
SK,4,SLS,1998,0.27,0.735390928509044,0.843288731518697,,
SK,4,SMK-MKP,1998,9.128,0.155505314812578,0.241195671293466,559,96952
SK,4,SNJ,1998,0.14,0.803467304655355,0.682967850529321,,
SK,4,SNS,1998,9.075,0.235571382829573,0.298360594047613,1072,96710
SK,4,SOP,1998,8.018,0.976873600678156,0.686231427308258,1016,96422
SK,4,ZRS,1998,1.3,0.50459645265559006,0.736466328010666,1563,96210
SK,5,ANO,2002,8.011,0.93285699721818,0.65806691434243,1200,96424
SK,5,BRRS,2002,0.1,0.523532032771508,1,,
SK,5,HZD,2002,3.28,0.412351832765284,0.582192583448912,2160,
SK,5,HZDS,2002,19.502,0.453056799990511,0.503734011003998,1142,96711
SK,5,KDH,2002,8.25,0.492664695267665,0.213488585430944,1432,96521
SK,5,KSS,2002,6.326,0.41854335036552,0.296239207380819,44,96222
SK,5,LB,2002,0.22,0.738500713009869,0.641752755370211,,
SK,5,LS,2002,0.03,0.878505032412271,1,,
SK,5,NOSNP,2002,0.91,0.914334231697541,0.907924536211292,,
SK,5,OKS,2002,0.33,0.59456022379285,0.247779891355624,,
SK,5,PSNS,2002,3.65,0.358040274287164,0.42335677291216,20,
SK,5,ROISR,2002,0.29,0.949522204471372,0.985975805964576,,
SK,5,ROMA,2002,0.22,0.96451588927075,0.765066845759825,,
SK,5,ROSA,2002,0.3,0.57209932805268,0.999988442804798,,
SK,5,SDA,2002,1.8,0.589200767978643,0.972109848084233,64,
SK,5,SDKU,2002,15.094,0.484758664447499,0.310739702964892,131,96523
SK,5,SDL,2002,1.4,0.356101811217528,0.891146117965338,1415,96220
SK,5,SDPO,2002,0.23,0.996601447552787,0.914072288867179,,
SK,5,SMK-MKP,2002,11.167,0.229530459564105,0.327930185729328,559,96952
SK,5,SNJ,2002,0.16,0.689850594007858,0.661784423661496,,
SK,5,SNS,2002,3.33,0.396099061545519,0.489186287529639,1072,96710
SK,5,SZS,2002,0.99,0.79236434266868,0.849355242414559,,
SK,5,Smer,2002,13.464,0.955647044403082,0.229772406322222,220,96423
SK,5,ZAR,2002,0.44,1,0.952975091517086,,
SK,5,ZRS,2002,0.55,0.582609898476288,0.405773923174332,,
SK,6,ANO,2006,1.42,0.559212265606159,0.994500378361233,1200,
SK,6,ASV,2006,0.14,0.995836916824067,0.35340380882737,,
SK,6,HZD,2006,0.64,0.404415748113943,0.919551089245481,,
SK,6,HZDS,2006,8.794,0.236053359722636,0.250791545839792,1142,96711
SK,6,KDH,2006,8.312,0.127115676304301,0.41919483435337,1432,96521
SK,6,KSS,2006,3.88,0.246560789037821,0.441964986672024,44,96222
SK,6,LB,2006,0.4,0.472616172371872,1,,
SK,6,M21-NKD,2006,0.11,0.728112622482624,1,,
SK,6,NADEJ,2006,0.63,0.922073587679813,0.845308096473644,,
SK,6,OKS,2006,0.27,0.221513970977944,0.494809587315264,,
SK,6,PSNS,2006,0.14,0.890410649461397,0.989208144868216,,
SK,6,SDKU-DS,2006,18.358,0.430896602641055,0.286733849404215,131,96523
SK,6,SDL,2006,0.13,1,0.894875695607612,,
SK,6,SF,2006,3.47,0.617723234068657,0.662323217333471,752,
SK,6,SLNKO,2006,0.17,0.419885897947732,0.997892368186612,,
SK,6,SLS,2006,0.17,0.759631379760636,0.676663209980687,,
SK,6,SMK-MKP,2006,11.685,0.200564396308166,0.17719634269907,559,96952
SK,6,SNS,2006,11.733,0.373138008563014,0.365449149180636,1072,96710
SK,6,SOS,2006,0.11,0.655054039402387,0.757597668843109,,
SK,6,Smer,2006,29.142,0.26910745054339,0.109431763857175,220,96423
SK,6,ZRS,2006,0.3,0.180007389318468,0.50810261636854,,
SK,7,AZEN,2010,0.13,0.801766283883888,0.890009028447353,,
SK,7,EPS,2010,0.41,0.881666473430617,0.998642981926794,,
SK,7,HZDS,2010,4.32,0.324758970300677,0.295584995209247,1142,96711
SK,7,KDH,2010,8.53,0.52256778413913,0.197451311594907,1432,96521
SK,7,KSS,2010,0.83,0.338388115876812,0.161648552209249,44,96222
SK,7,LSNS,2010,1.33,0.645789854461897,0.217662846716554,586,
SK,7,MOST-HID,2010,8.12,0.392449643508794,0.026802727665225,1620,96955
SK,7,ND,2010,0.31,0.771942603488324,0.987972898848579,,
SK,7,PK-VPS,2010,0.58,1,1,,
SK,7,SDKU-DS,2010,15.42,0.302030696621795,0.0551939365955038,131,96523
SK,7,SDL,2010,2.42,0.783901601986339,0.653485317793655,2317,
SK,7,SMK-MKP,2010,4.3,0.112228482440556,0.318580546082762,559,96952
SK,7,SNS,2010,5.08,0.236700889701944,0.373068186684507,1072,96710
SK,7,SRK,2010,0.27,0.940754746068201,0.82837092036371,,
SK,7,SaS,2010,12.149,0.960564495204916,0.107790081198562,1460,96440
SK,7,Smer,2010,34.795,0.248727595765997,0.0369246153202508,220,96423
SK,7,UNIA,2010,0.7,0.671938578709156,0.692946239000066,,
SK,7,ZRS,2010,0.24,0.61225419502153,0.912811198870271,,
SK,8,1HLAS,2012,0.03,0.917414858984892,0.881509251314697,,
SK,8,99-OH,2012,1.58,0.920588846317514,0.90970733778399,2015,
SK,8,HZDS,2012,0.93,0.263128183034362,0.997241640243234,,
SK,8,KDH,2012,8.825,0.147837208642326,0.292639350488535,1432,96521
SK,8,KSS,2012,0.72,0.328486811491638,0.407482170118185,44,96222
SK,8,LSNS,2012,1.58,0.47090146887297,0.426083010024619,586,
SK,8,MOST-HID,2012,6.9,0.126905838613428,0.312988324690557,1620,96955
SK,8,NASKRAJ,2012,0.19,0.97461348777116,0.860969767353261,,
SK,8,NSNS,2012,0.63,0.675763589793625,0.93573071608502,,
SK,8,OL,2012,0.16,1,1,,
SK,8,OLANO,2012,8.56,0.779293618326964,0.51485419805879,1759,96620
SK,8,PAS,2012,0.41,0.968168487710834,0.890821980969246,,
SK,8,SDKU-DS,2012,6.099,0.141880800770786,0.563003118823533,131,96523
SK,8,SDL,2012,0.18,0.802018298169067,0.994090444210821,,
SK,8,SF,2012,0.34,0.695452404965717,0.951969021860038,,
SK,8,SMK-MKP,2012,4.28,0.305370603612141,0.322698943414653,559,96952
SK,8,SNS,2012,4.55,0.350581476440128,0.68936919921570206,1072,96710
SK,8,SOBS,2012,0.15,0.977376857297866,0.99967023912841,,
SK,8,SRUS,2012,0.11,0.84595437042307,0.998320610033269,,
SK,8,SSS,2012,1.22,0.994121750131199,0.963236282427696,1200,
SK,8,SZ,2012,0.42,0.888187704957935,0.997047718070141,,
SK,8,SZIS,2012,0.15,0.868493291246493,0.882808666248289,,
SK,8,SaS,2012,5.884,0.11971508301182,0.242540392706246,1460,96440
SK,8,Smer,2012,44.417,0.102929734762622,0.147862795129795,220,96423
SK,8,ZELENI,2012,0.3,1,1,,
SK,8,ZMDUS,2012,1.29,0.872578268051077,0.733471954383637,2013,
SK,9,DS-LK,2016,0.07,0.89263718344421,,,
SK,9,KDH,2016,4.94,0.260531658697031,,1432,96521
SK,9,KSS,2016,0.62,0.46038552187901,,,
SK,9,KSZS,2016,0.06,0.835738097749788,,,
SK,9,LSNS,2016,8.04,0.66037632374122,,586,96720
SK,9,MKDA-MKDSZ,2016,0.09,0.954473623476973,,,
SK,9,MOST-HID,2016,6.5,0.186560165518818,,1620,96955
SK,9,OLANO,2016,11.03,0.6202622083601,,1759,96620
SK,9,Odvaha,2016,0.13,0.902893618170423,,,
SK,9,PD,2016,0.13,0.812134095373055,,,
SK,9,SANCA,2016,0.25,0.73966061274199,,,
SK,9,SDKU-DS,2016,0.26,0.677615305553937,,,
SK,9,SIET,2016,5.61,0.640755318689149,,2624,96630
SK,9,SKOK,2016,0.83,0.462383903451055,,,
SK,9,SMK-MKP,2016,4.05,0.329911447083435,,559,96952
SK,9,SMS,2016,0.17,0.885121232546937,,,
SK,9,SNS,2016,8.64,0.585255982451678,,1072,96710
SK,9,SR,2016,6.63,0.948893368031896,,2623,96725
SK,9,SZS,2016,0.67,0.866261674577534,,,
SK,9,SaS,2016,12.1,0.290622726442079,,1460,96440
SK,9,Smer,2016,28.28,0.161777117098368,,220,96423
SK,9,TIP,2016,0.72,0.842792321672338,,,
SK,9,VZDOR,2016,0.12,0.711461406640107,,,
