Dátum;ATS;AUD;BEF;CAD;CHF;DEM;DKK;ESP;FIM;FRF;GBP;GRD;IEP;ITL;JPY;LUF;NLG;NOK;PTE;SEK;USD;XDR;XEU;XCU
4.1.1993;2,549;19,894;87,12;22,793;19,85;17,878;4,623;25,239;5,521;5,25;43,745;13,472;47,021;19,587;23,188;87,12;15,916;4,176;19,707;4,093;28,911;39,867;34,916;34,484
5.1.1993;2,534;19,964;86,512;22,823;19,73;17,781;4,586;25,032;5,436;5,206;43,713;13,364;46,737;19,382;23,271;86,512;15,817;4,161;19,677;4,074;29,073;40,09;34,701;34,358
6.1.1993;2,528;19,752;86,437;22,693;19,678;17,773;4,585;24,946;5,388;5,213;43,889;13,331;46,755;18,893;23,222;86,437;15,823;4,153;19,701;4,006;29,095;40,12;34,716;34,358
7.1.1993;2,539;19,439;86,557;22,742;19,624;17,802;4,601;25,071;5,401;5,227;44,728;13,422;46,831;18,983;23,247;86,557;15,852;4,172;19,778;4,01;29,044;40,051;34,841;34,358
8.1.1993;2,526;19,533;86,404;22,771;19,492;17,793;4,594;25,008;5,377;5,223;44,802;13,324;46,684;18,928;23,261;86,404;15,82;4,153;19,76;4,003;29,092;40,117;34,838;34,419
11.1.1993;2,519;19,572;86,222;22,734;19,422;17,73;4,579;24,984;5,314;5,212;44,523;13,26;46,587;19,176;23,274;86,222;15,781;4,125;19,724;3,92;29,186;40,044;34,746;35,15
12.1.1993;2,53;19,547;86,493;22,791;19,496;17,787;4,599;25,05;5,344;5,236;45,01;13,309;47,035;19,429;23,229;86,493;15,829;4,164;19,84;3,955;29,088;39,909;34,934;35,046
13.1.1993;2,533;19,549;86,602;22,753;19,521;17,824;4,614;25,11;5,345;5,249;45,092;13,335;47,025;19,685;23,184;86,602;15,855;4,165;19,903;3,907;29,035;39,837;35,069;35,217
14.1.1993;2,529;19,597;86,444;22,731;19,386;17,795;4,604;25,061;5,334;5,245;44,834;13,32;47,074;19,2;23,088;86,444;15,824;4,165;19,873;3,878;29,088;39,91;34,941;35,267
15.1.1993;2,538;19,461;86,732;22,67;19,536;17,857;4,623;25,162;5,339;5,267;44,646;13,348;47,139;19,324;23,032;86,732;15,883;4,204;19,943;4,01;28,982;39,764;35,016;35,79
18.1.1993;2,536;19,517;86,697;22,623;19,516;17,852;4,614;25,14;5,371;5,273;44,56;13,348;47,007;19,329;23,027;86,697;15,881;4,21;19,804;4,018;28,992;39,777;35,007;35,754
19.1.1993;2,535;19,611;86,592;22,65;19,512;17,833;4,631;25,16;5,354;5,274;44,784;13,352;47,302;19,499;23,101;86,592;15,863;4,231;19,827;3,994;29,014;39,808;35,078;35,757
20.1.1993;2,545;19,433;86,952;22,634;19,513;17,904;4,649;25,252;5,335;5,29;44,674;13,398;47,467;19,437;23,042;86,952;15,927;4,233;19,854;3,993;28,913;39,67;35,155;35,703
21.1.1993;2,55;19,366;87,155;22,57;19,666;17,942;4,671;25,363;5,321;5,308;44,725;13,429;47,643;19,639;23,085;87,155;15,957;4,244;19,96;4,022;28,84;39,569;35,28;35,57
22.1.1993;2,546;19,235;86,993;22,553;19,534;17,917;4,668;25,314;5,272;5,304;44,289;13,404;47,516;19,607;23,094;86,993;15,937;4,238;19,919;4,012;28,89;39,638;35,174;36,036
25.1.1993;2,549;19,381;87,041;22,44;19,564;17,929;4,667;25,322;5,257;5,304;43,774;13,424;47,617;19,452;23,099;87,041;15,937;4,217;19,913;3,994;28,867;39,607;35,126;36,21
26.1.1993;2,564;19,258;87,609;22,447;19,658;18,039;4,693;25,466;5,395;5,33;44,124;13,494;47,913;19,564;22,977;87,609;16,038;4,246;20,028;4,02;28,701;39,378;35,322;36,307
27.1.1993;2,576;19,285;87,988;22,46;19,725;18,119;4,716;25,604;5,411;5,359;43,99;13,54;48,173;19,72;23,092;87,988;16,113;4,271;20,127;4,043;28,574;39,204;35,497;36,153
28.1.1993;2,573;19,266;87,99;22,505;19,611;18,114;4,712;25,599;5,385;5,358;43,581;13,535;47,768;19,644;23,066;87,99;16,104;4,267;20,126;4,04;28,597;39,235;35,449;36,171
29.1.1993;2,58;19,405;88,017;22,536;19,695;18,134;4,694;25,425;5,259;5,351;43,398;13,547;47,55;19,407;23,03;88,017;16,107;4,255;20,023;4,004;28,557;39,181;35,365;36,039
1.2.1993;2,564;19,493;87,591;22,646;19,571;18,042;4,669;25,249;5,235;5,324;43,099;13,478;47,311;19,268;23,055;87,591;16,032;4,23;19,877;3,969;28,708;39,388;35,167;36,012
2.2.1993;2,542;19,502;86,794;22,805;19,354;17,874;4,637;25,103;5,183;5,276;42,475;13,341;43,62;19,239;23,227;86,794;15,883;4,194;19,758;3,913;28,973;39,752;34,803;35,924
3.2.1993;2,532;19,683;86,53;22,966;19,249;17,829;4,624;25,11;5,224;5,273;42,6;13,312;43,465;19,221;23,298;86,53;15,848;4,195;19,735;3,945;29,052;39,861;34,758;35,895
4.2.1993;2,522;19,77;86,005;23,111;19,102;17,728;4,566;24,953;5,155;5,24;41,749;13,263;42,917;19,077;23,475;86,005;15,758;4,166;19,582;3,904;29,207;40,073;34,529;35,934
5.2.1993;2,521;19,769;85,809;23,027;19,179;17,724;4,566;24,912;5,115;5,23;42,12;13,229;42,903;19,01;23,454;85,809;15,74;4,17;19,545;3,891;29,209;40,076;34,499;35,892
8.2.1993;2,511;19,771;85,645;23,236;19,138;17,655;4,619;24,9;5,16;5,229;42,37;13,206;43;19,162;23,521;85,645;15,689;4,175;19,515;3,948;29,308;40,211;34,484;35,982
9.2.1993;2,515;19,632;85,786;23,174;19,123;17,694;4,627;24,938;5,121;5,232;42,204;13,236;43,064;19,148;23,491;85,786;15,726;4,182;19,577;3,932;29,257;40,142;34,53;35,985
10.2.1993;2,516;19,666;85,659;23,138;19,089;17,641;4,629;24,901;4,969;5,229;41,692;13,238;42,994;19,133;23,939;85,659;15,728;4,175;19,549;3,916;29,321;40,229;34,49;35,916
11.2.1993;2,52;19,559;85,796;23,03;19,184;17,721;4,624;24,909;4,843;5,232;41,892;13,252;43,084;19,138;24,104;85,796;15,749;4,174;19,553;3,94;29,214;40,082;34,522;36,125
12.2.1993;2,51;19,756;85,629;23,159;19,07;17,674;4,61;24,852;4,941;5,224;41,706;13,21;43,048;19,006;24,433;85,629;15,708;4,166;19,494;3,927;29,298;40,198;34,419;36,246
15.2.1993;2,519;19,784;85,94;23,282;19,129;17,722;4,622;24,815;4,98;5,235;41,375;13,242;43,026;18,989;24,259;85,94;15,76;4,168;19,463;3,922;29,219;40,09;34,461;36,304
16.2.1993;2,51;19,841;85,669;23,349;18,992;17,669;4,611;24,736;4,935;5,222;41,52;13,198;43,021;18,908;24,191;85,669;15,694;4,155;19,367;3,909;29,312;40,216;34,359;36,312
17.2.1993;2,521;19,778;86,063;23,313;19,158;17,738;4,629;24,822;4,969;5,242;41,935;13,231;43,234;18,877;24,321;86,063;15,763;4,173;19,431;3,912;29,193;40,053;34,526;36,21
22.2.1993;2,529;20,018;86,387;23,118;19,319;17,786;4,636;24,805;4,851;5,252;42,142;13,233;43,382;18,615;24,363;86,387;15,804;4,183;19,452;3,837;29,104;39,931;34,575;36,187
23.2.1993;2,529;20,018;86,443;23,05;19,391;17,812;4,647;24,695;4,951;5,258;42,35;13,243;43,44;18,608;24,933;86,443;15,822;4,184;19,387;3,837;29,066;39,88;34,58;36,299
24.2.1993;2,536;20,061;86,521;23,079;19,404;17,844;4,639;24,62;4,955;5,261;42,173;13,212;43,42;18,364;24,848;86,521;15,846;4,183;19,373;3,795;29,015;39,809;34,545;36,261
25.2.1993;2,544;20,172;86,808;22,937;19,36;17,898;4,652;24,642;4,922;5,274;41,821;13,21;43,52;18,188;24,777;86,808;15,902;4,196;19,389;3,742;28,942;39,709;34,548;36,448
26.2.1993;2,536;20,097;86,637;23,08;19,263;17,848;4,66;24,846;4,903;5,263;41,477;13,166;43,361;18,487;24,654;86,637;15,861;4,184;19,412;3,707;29,025;39,823;34,496;36,423
1.3.1993;2,523;20,236;86,254;23,317;19,173;17,771;4,631;24,721;4,915;5,231;41,582;13,121;43,154;18,394;24,726;86,254;15,802;4,165;19,31;3,752;29,154;40;34,367;36,652
2.3.1993;2,516;20,557;85,954;23,303;19,088;17,7;4,615;24,73;4,88;5,216;41,898;13,079;43,048;18,506;24,726;85,954;15,739;4,163;19,343;3,744;29,259;40,144;34,32;36,663
3.3.1993;2,523;20,616;86,282;23,359;19,167;17,762;4,631;24,778;4,911;5,236;42,059;13,123;43,194;18,608;24,585;86,282;15,796;4,178;19,37;3,787;29,163;40,013;34,486;36,623
4.3.1993;2,532;20,569;86,369;23,363;19,254;17,8;4,638;24,765;4,922;5,245;42,41;13,176;43,288;18,593;24,947;86,369;15,829;4,183;19,402;3,801;29,093;39,917;34,578;36,62
5.3.1993;2,52;20,67;86,145;23,514;19,133;17,725;4,619;24,69;4,895;5,225;42,281;13,125;43,021;18,633;24,95;86,145;15,765;4,174;19,304;3,796;29,216;40,085;34,431;36,546
8.3.1993;2,52;20,806;86,114;23,529;19,123;17,728;4,623;24,699;4,877;5,226;42,536;13,13;43,085;18,661;25,055;86,114;15,771;4,175;19,182;3,815;29,214;40,082;34,449;36,657
9.3.1993;2,508;20,665;85,705;23,529;19,075;17,655;4,602;24,815;4,884;5,206;42,465;13,067;42,931;18,568;24,992;85,705;15,703;4,164;19,224;3,814;29,328;40,239;34,323;36,846
10.3.1993;2,508;20,574;85,757;23,597;19,058;17,654;4,604;24,803;4,872;5,207;42,322;13,069;42,979;18,302;25,035;85,757;15,708;4,156;19,159;3,855;29,329;40,24;34,297;36,941
11.3.1993;2,506;20,701;85,696;23,554;19,118;17,632;4,598;24,739;4,864;5,197;42,095;13,068;42,891;18,171;24,905;85,696;15,693;4,147;19,109;3,86;29,355;40,276;34,213;36,773
12.3.1993;2,503;20,8;85,497;23,586;19,147;17,596;4,59;24,731;4,86;5,188;42,092;13,088;42,824;18,21;24,951;85,497;15,662;4,144;19,048;3,794;29,4;40,337;34,186;36,717
15.3.1993;2,507;20,68;85,744;23,637;19,241;17,64;4,595;24,718;4,852;5,193;41,973;13,051;42,829;18,259;24,911;85,744;15,695;4,146;19,028;3,782;29,333;40,246;34,223;35,974
16.3.1993;2,503;20,729;85,562;23,574;19,218;17,618;4,586;24,694;4,85;5,188;42,042;13,02;42,802;18,296;24,91;85,562;15,672;4,143;19,06;3,742;29,369;40,295;34,183;36,252
17.3.1993;2,509;20,646;85,753;23,469;19,273;17,649;4,588;24,728;4,859;5,196;42,286;13,027;42,92;18,27;24,894;85,753;15,714;4,149;19,088;3,734;29,315;40,22;34,269;36,119
18.3.1993;2,508;20,702;85,751;23,408;19,251;17,654;4,594;24,717;4,895;5,194;42,523;13,019;42,869;18,298;25,042;85,751;15,706;4,151;19,078;3,793;29,314;40,219;34,271;36,096
19.3.1993;2,509;20,961;85,613;23,485;19,15;17,628;4,581;24,645;4,872;5,179;42,511;12,993;42,805;18,228;25,08;85,613;15,686;4,145;19,075;3,76;29,357;40,278;34,206;36,222
22.3.1993;2,525;20,886;86,175;23,48;19,312;17,754;4,615;24,787;4,905;5,205;43,212;13,058;43,06;18,341;25,105;86,175;15,798;4,175;19,181;3,758;29,162;40,01;34,405;36,569
23.3.1993;2,53;20,822;86,394;23,393;19,263;17,796;4,626;24,881;4,922;5,221;43,348;13,105;43,141;18,39;25,126;86,394;15,836;4,187;19,218;3,778;29,106;39,934;34,52;36,454
24.3.1993;2,535;20,525;86,542;23,313;19,265;17,832;4,641;24,987;4,927;5,241;43,113;13,098;43,279;18,411;25,197;86,542;15,861;4,196;19,216;3,765;29,052;39,86;34,575;36,313
25.3.1993;2,534;20,489;86,444;23,297;19,269;17,832;4,638;25,001;4,934;5,239;43,043;13,099;43,285;18,386;24,986;86,444;15,865;4,193;19,189;3,75;29,054;39,863;34,583;36,411
26.3.1993;2,53;20,575;86,331;23,388;19,236;17,8;4,632;24,904;4,92;5,232;42,955;13,103;43,234;18,186;24,884;86,331;15,829;4,183;19,137;3,735;29,102;39,929;34,486;36,38
29.3.1993;2,525;20,694;86,126;23,412;19,179;17,762;4,623;24,853;4,91;5,222;43,35;13,039;43,189;18,181;24,961;86,126;15,796;4,178;19,14;3,737;29,162;40,011;34,464;35,302
30.3.1993;2,537;20,527;86,541;23,346;19,275;17,85;4,641;24,898;4,92;5,247;43,321;13,096;43,347;18,042;24,876;86,541;15,876;4,192;19,222;3,759;29,026;39,824;34,57;35,38
31.3.1993;2,534;20,664;86,584;23,268;19,319;17,846;4,641;24,91;4,913;5,255;43,361;13,081;43,372;17,868;24,844;86,584;15,868;4,193;19,197;3,764;29,027;39,826;34,534;35,435
1.4.1993;2,537;20,365;87,033;23,011;19,346;17,916;4,667;25,073;4,929;5,285;43,232;13,126;43,602;18,139;25,162;87,033;15,938;4,211;19,366;3,731;28,931;39,695;34,712;35,356
2.4.1993;2,548;20,195;86,895;22,947;19,315;17,9;4,661;25,053;4,929;5,275;43,708;13,124;43,581;18,023;25,267;86,895;15,923;4,206;19,377;3,725;28,936;39,701;34,689;35,434
5.4.1993;2,564;20,073;87,551;22,829;19,454;18,043;4,692;25,189;4,969;5,306;44,088;13,189;43,887;17,959;25,198;87,551;16,044;4,235;19,426;3,78;28,726;39,412;34,907;35,309
6.4.1993;2,559;20,107;87,367;22,768;19,464;18,001;4,684;25,165;4,958;5,304;43,719;13,163;43,805;18,056;25,291;87,367;16,013;4,229;19,427;3,804;28,781;39,489;34,917;34,99
7.4.1993;2,554;20,326;87,234;22,88;19,438;17,966;4,673;25,105;4,948;5,304;43,664;13,17;43,779;18,075;25,186;87,234;15,989;4,214;19,421;3,792;28,831;39,556;34,879;34,991
8.4.1993;2,552;20,394;87,185;22,891;19,443;17,95;4,673;25,069;4,959;5,297;43,878;13,162;43,777;18,156;25,268;87,185;15,973;4,217;19,325;3,776;28,854;39,588;34,876;35,009
9.4.1993;2,543;20,526;86,93;22,997;19,453;17,897;4,658;24,929;4,945;5,289;43,873;13,12;43,742;18,284;25,591;86,93;15,926;4,205;19,247;3,782;28,93;39,693;34,806;34,974
13.4.1993;2,552;20,456;87,249;22,94;19,533;17,952;4,673;25,024;4,994;5,306;44,024;13,181;43,845;18,369;25,511;87,249;16,006;4,215;19,256;3,79;28,84;39,569;34,911;35,031
14.4.1993;2,562;20,511;87,564;22,81;19,617;18,026;4,692;24,933;5,036;5,33;44,506;13,214;44,069;18,61;25,36;87,564;16,04;4,24;19,345;3,823;28,723;39,408;35,091;34,842
15.4.1993;2,569;20,655;87,8;22,682;19,718;18,075;4,71;25,086;5,165;5,344;44,513;13,241;44,175;18,676;25,183;87,8;16,089;4,254;19,478;3,884;28,64;39,295;35,182;34,978
16.4.1993;2,556;20,673;87,375;22,805;19,643;17,988;4,686;24,941;5,171;5,316;44,455;13,185;43,851;18,596;25,374;87,375;16,011;4,24;19,352;3,86;28,777;39,483;35,022;34,93
19.4.1993;2,551;20,6;87,213;22,876;19,646;17,95;4,669;24,848;5,181;5,31;44,267;13,156;43,788;18,758;25,546;87,213;15,972;4,235;19,343;3,854;28,831;39,557;34,969;34,987
20.4.1993;2,547;20,728;87,019;23,039;19,54;17,902;4,667;24,796;5,197;5,301;44,153;13,118;43,658;18,77;26,01;87,019;15,935;4,228;19,323;3,857;28,905;39,659;34,926;34,821
21.4.1993;2,568;20,622;87,783;22,874;19,712;18,06;4,712;24,964;5,265;5,344;44,482;13,23;44,029;18,881;25,94;87,783;16,072;4,263;19,52;3,915;28,661;39,324;35,196;34,813
22.4.1993;2,556;20,581;87,391;22,905;19,746;17,987;4,689;24,855;5,214;5,326;44,407;13,199;43,843;18,779;25,951;87,391;16,01;4,248;19,455;3,894;28,765;39,466;35,067;34,9
23.4.1993;2,555;20,534;87,382;22,807;19,733;17,986;4,691;24,796;5,198;5,321;44,307;13,216;43,823;18,78;26,072;87,382;15,999;4,238;19,404;3,866;28,771;39,474;35,045;34,862
26.4.1993;2,56;20,452;87,511;22,735;19,839;18,016;4,696;24,52;5,229;5,336;44,766;13,249;43,95;19,046;25,979;87,511;16,032;4,255;19,343;3,906;28,712;39,394;35,167;34,974
27.4.1993;2,574;20,395;88,225;22,641;20,047;18,156;4,727;24,579;5,331;5,379;45,389;13,324;44,312;19,369;25,847;88,225;16,154;4,294;19,552;3,964;28,497;39,098;35,504;35,086
28.4.1993;2,575;20,667;88,057;22,573;20,124;18,123;4,71;24,528;5,302;5,36;45,232;13,316;44,214;19,382;25,944;88,057;16,123;4,286;19,497;3,959;28,53;39,145;35,392;35,111
29.4.1993;2,56;20,476;87,587;22,482;19,96;18,016;4,68;24,633;5,273;5,342;45,128;13,271;43,928;19,296;25,671;87,587;16,031;4,265;19,451;3,934;28,698;40,168;35,255;35,11
30.4.1993;2,571;20,415;87,919;22,49;19,972;18,08;4,693;24,687;5,287;5,36;44,894;13,313;44,053;19,41;25,499;87,919;16,093;4,276;19,504;3,955;28,6;40,031;35,35;35,058
3.5.1993;2,571;20,327;87,941;22,487;20,05;18,085;4,699;24,7;5,265;5,366;44,953;13,312;44,064;19,133;25,702;87,941;16,094;4,273;19,527;3,928;28,585;40,01;35,32;35,061
4.5.1993;2,565;20,266;87,743;22,563;19,975;18,042;4,693;24,743;5,238;5,349;44,934;13,301;43,945;19,297;25,824;87,743;16,061;4,27;19,516;3,906;28,657;40,11;35,302;34,82
5.5.1993;2,575;20,025;88,077;22,5;20,07;18,111;4,714;24,758;5,267;5,372;44,86;13,316;44,138;19,432;25,854;88,077;16,117;4,282;19,548;3,903;28,546;39,955;35,38;34,864
6.5.1993;2,578;19,96;88,23;22,373;20,19;18,133;4,722;24,764;5,295;5,383;44,759;13,339;44,192;19,519;25,889;88,23;16,153;4,288;19,57;3,907;28,498;39,889;35,435;34,823
7.5.1993;2,57;20,155;87,933;22,497;20,113;18,086;4,706;24,704;5,282;5,364;44,894;13,288;44,053;19,589;25,916;87,933;16,106;4,275;19,515;3,909;28,58;40,003;35,356;34,728
10.5.1993;2,575;20,169;88,049;22,463;20,154;18,119;4,702;24,706;5,301;5,373;45,02;13,313;44,118;19,681;25,923;88,049;16,133;4,285;19,515;3,922;28,528;39,93;35,434;34,839
11.5.1993;2,566;20,162;87,755;22,598;20,027;18,045;4,68;24,627;5,278;5,356;44,583;13,282;43,939;19,659;25,952;87,755;16,096;4,271;19,453;3,928;28,643;40,091;35,309;34,904
12.5.1993;2,546;20,24;87,084;22,688;19,741;17,907;4,643;24,404;5,213;5,313;44,298;13,219;43,527;19,351;25,841;87,084;15,967;4,236;19,278;3,891;28,877;40,419;34,99;34,854
13.5.1993;2,545;20,206;87,024;22,608;19,744;17,914;4,649;24,394;5,21;5,311;44,388;13,203;43,545;19,415;25,8;87,024;15,964;4,234;19,275;3,899;28,87;40,409;34,991;34,673
14.5.1993;2,548;20,19;87,197;22,684;19,758;17,886;4,654;24,288;5,212;5,318;44,235;13,208;43,593;19,443;25,866;87,197;15,985;4,232;19,223;3,904;28,893;40,441;35,009;34,543
17.5.1993;2,55;20,358;87,213;22,697;19,852;17,934;4,65;23,562;5,204;5,313;44,193;13,186;43,57;19,458;25,889;87,213;15,985;4,218;18,639;3,916;28,828;40,349;34,974;34,514
18.5.1993;2,551;20,226;87,268;22,587;19,829;17,943;4,667;23,487;5,221;5,321;44,431;13,242;43,694;19,646;26,028;87,268;15,991;4,226;18,591;3,923;28,816;40,333;35,031;34,201
19.5.1993;2,534;20,136;86,767;22,747;19,644;17,845;4,657;23,426;5,232;5,29;44,288;13,192;43,552;19,558;25,949;86,767;15,919;4,206;18,629;3,941;28,985;40,569;34,842;34,281
20.5.1993;2,541;20,085;87,008;22,863;19,675;17,891;4,668;23,462;5,246;5,304;44,646;13,19;43,637;19,685;26;87,008;15,959;4,226;18,79;3,949;28,912;40,468;34,978;34,119
21.5.1993;2,543;20,078;86,982;22,883;19,7;17,856;4,662;23,424;5,286;5,303;44,622;13,206;43,556;19,638;26,121;86,982;15,928;4,223;18,811;3,931;28,947;40,516;34,93;33,987
24.5.1993;2,538;20,124;86,863;22,891;19,705;17,86;4,657;23,431;5,291;5,301;44,966;13,18;43,614;19,671;26,271;86,863;15,924;4,229;18,777;3,948;28,951;40,522;34,987;34,064
25.5.1993;2,527;20,139;86,477;22,99;19,71;17,769;4,64;23,309;5,264;5,279;44,629;13,131;43,457;19,581;26,27;86,477;15,871;4,209;18,779;3,972;29,078;40,7;34,821;33,984
26.5.1993;2,527;20,304;86,5;23,034;19,775;17,78;4,645;23,3;5,268;5,277;44,636;13,131;43,435;19,503;26,315;86,5;15,873;4,207;18,794;3,978;29,06;40,674;34,813;34,119
27.5.1993;2,53;20,218;86,759;22,978;19,934;17,815;4,656;23,21;5,283;5,291;44,839;13,156;43,54;19,551;26,747;86,759;15,906;4,218;18,788;3,983;28,994;40,582;34,9;34,2
28.5.1993;2,538;20,087;86,932;22,876;19,963;17,856;4,656;22,585;5,274;5,292;44,959;13,174;43,614;19,436;26,808;86,932;15,914;4,215;18,534;3,962;28,931;40,494;34,862;33,999
31.5.1993;2,55;19,889;87,366;22,723;20,111;17,953;4,687;22,501;5,298;5,32;44,773;13,237;43,783;19,458;26,845;87,366;15,992;4,232;18,591;3,97;28,778;40,28;34,974;34,152
1.6.1993;2,568;19,465;87,707;22,537;20,167;18,014;4,707;22,797;5,324;5,335;44,669;13,268;43,944;19,538;26,729;87,707;16,064;4,245;18,755;3,988;28,667;40,125;35,086;34,047
2.6.1993;2,561;19,402;87,721;22,523;20,138;18,021;4,697;22,777;5,315;5,333;44,781;13,248;43,886;19,481;26,808;87,721;16,062;4,243;18,717;3,991;28,676;40,137;35,111;34,1
3.6.1993;2,561;19,508;87,719;22,57;20,137;18,018;4,709;22,959;5,294;5,341;44,467;13,284;43,934;19,634;26,737;87,719;16,066;4,246;18,713;3,995;28,675;40,136;35,11;34,058
4.6.1993;2,553;19,491;87,405;22,577;20,191;17,965;4,692;23,09;5,302;5,329;44,349;13,205;43,777;19,636;26,744;87,405;16,014;4,234;18,71;3,999;28,747;40,237;35,058;37,598
7.6.1993;2,554;19,43;87,513;22,502;20,132;17,99;4,698;22,95;5,318;5,336;44,361;13,205;43,85;19,676;26,883;87,513;16,031;4,24;18,704;3,993;28,722;40,201;35,061;37,406
8.6.1993;2,533;19,543;86,726;22,689;19,852;17,835;4,661;23,207;5,283;5,294;43,973;13,095;43,457;19,59;26,995;86,726;15,893;4,21;18,773;3,98;28,973;40,554;34,82;37,494
9.6.1993;2,537;19,451;86,832;22,541;19,894;17,844;4,659;23,3;5,282;5,301;43,952;13,138;43,471;19,567;27,15;86,832;15,907;4,215;18,785;3,989;28,95;40,521;34,864;37,439
10.6.1993;2,528;19,446;86,611;22,581;19,862;17,802;4,65;23,28;5,28;5,29;44,147;13,101;43,404;19,594;27,274;86,611;15,871;4,212;18,781;3,996;29,019;40,617;34,823;37,477
11.6.1993;2,526;19,675;86,409;22,689;19,768;17,76;4,643;23,183;5,267;5,28;43,988;13,057;43,287;19,483;27,385;86,409;15,834;4,202;18,801;3,987;29,083;40,707;34,728;37,392
14.6.1993;2,532;19,687;86,678;22,643;19,868;17,816;4,662;23,204;5,3;5,297;44,294;13,06;43,462;19,512;27,247;86,678;15,886;4,213;18,759;4,022;28,994;40,582;34,839;37,511
15.6.1993;2,536;19,654;86,767;22,568;20,008;17,846;4,67;23,271;5,323;5,305;44,291;13,07;43,536;19,625;27,483;86,767;15,906;4,22;18,75;4,021;28,937;40,502;34,904;37,561
16.6.1993;2,532;19,55;86,689;22,614;19,945;17,823;4,665;23,268;5,315;5,294;44,383;13,058;43,479;19,581;27,558;86,689;15,887;4,216;18,763;4;28,98;40,563;34,854;37,647
17.6.1993;2,518;19,775;86,165;22,799;19,848;17,721;4,635;23,189;5,27;5,268;44,218;13,018;43,216;19,46;27,41;86,165;15,798;4,192;18,625;3,968;29,137;40,782;34,673;37,541
18.6.1993;2,508;19,71;85,912;22,868;19,719;17,657;4,62;23,086;4,978;5,252;43,895;12,958;43,111;19,447;27,318;85,912;15,749;4,179;18,526;3,934;29,244;40,932;34,543;37,37
21.6.1993;2,502;19,706;85,641;22,971;19,755;17,61;4,602;23,027;5,246;5,24;44,247;12,908;43,016;19,399;27,214;85,641;15,707;4,174;18,493;3,917;29,306;41,019;34,514;37,264
22.6.1993;2,481;20,116;84,981;23,172;19,615;17,46;4,563;22,849;5,209;5,197;43,801;12,849;42,631;19,262;26,536;84,981;15,569;4,133;18,365;3,895;29,54;41,346;34,201;37,343
23.6.1993;2,485;20,218;85,142;23,146;19,655;17,482;4,568;22,923;5,243;5,202;43,899;12,824;42,698;19,39;26,645;85,142;15,591;4,144;18,477;3,907;29,502;41,293;34,281;37,331
24.6.1993;2,478;19,994;84,816;23,113;19,592;17,424;4,552;22,853;5,245;5,179;43,574;12,792;42,553;19,279;26,982;84,816;15,539;4,131;18,41;3,892;29,594;41,422;34,119;37,374
25.6.1993;2,471;19,817;84,473;23,147;19,547;17,358;4,531;22,767;5,2;5,161;43,514;12,792;42,365;19,275;27,237;84,473;15,483;4,113;18,332;3,803;29,688;41,554;33,987;36,886
28.6.1993;2,471;19,909;84,685;23,077;19,621;17,401;4,534;22,725;5,192;5,165;43,748;12,772;42,491;19,26;27,75;84,685;15,52;4,12;18,326;3,816;29,631;41,474;34,064;36,201
29.6.1993;2,464;19,853;84,385;23,111;19,576;17,344;4,522;22,622;5,159;5,155;43,986;12,736;42,349;19,135;27,981;84,385;15,47;4,108;18,186;3,77;29,716;41,593;33,984;36,865
30.6.1993;2,477;19,867;84,786;23,087;19,631;17,429;4,538;22,781;5,184;5,176;44,175;12,8;42,533;19,15;27,433;84,786;15,541;4,126;18,309;3,8;29,586;41,411;34,119;37,133
1.7.1993;2,482;19,721;84,947;23,039;19,671;17,461;4,539;22,854;5,2;5,18;44,52;12,82;42,576;19,209;27,76;84,947;15,572;4,129;18,357;3,809;29,536;41,341;34,2;37,03
2.7.1993;2,474;19,793;84,465;23,177;19,531;17,342;4,518;22,716;5,193;5,155;44,232;12,778;42,29;19,134;27,493;84,465;15,474;4,106;18,257;3,829;29,706;41,579;33,999;36,999
6.7.1993;2,48;19,749;84,907;22,944;19,587;17,458;4,535;22,823;5,217;5,167;44,683;12,793;42,514;19,156;27,374;84,907;15,55;4,125;18,276;3,842;29,556;41,369;34,152;36,985
7.7.1993;2,47;19,945;84,497;23,034;19,559;17,387;4,522;22,781;5,199;5,14;44,672;12,762;42,358;19,113;27,359;84,497;15,478;4,098;18,289;3,803;29,663;41,518;34,047;36,824
8.7.1993;2,475;20;84,631;23,068;19,663;17,417;4,531;22,821;5,226;5,151;44,545;12,781;42,408;19,176;27,62;84,631;15,502;4,106;18,323;3,787;29,608;41,442;34,1;36,732
9.7.1993;2,473;20,202;84,428;23,062;19,62;17,412;4,519;22,78;5,223;5,137;44,326;12,739;42,306;19,123;27,467;84,428;15,487;4,112;18,283;3,75;29,626;41,467;34,058;36,866
10.7.1993;2,741;22,555;93,527;25,799;21,637;19,255;4,991;25,056;5,737;5,669;49,071;14,106;46,717;20,912;30,402;93,527;17,128;4,532;20,117;4,165;33,062;46,276;37,598;36,775
13.7.1993;2,724;22,638;92,881;26,021;21,6;19,165;4,934;24,93;5,743;5,617;49,067;14,048;46,299;20,796;30,219;92,881;17,032;4,497;20,017;4,126;33,232;46,514;37,406;36,774
14.7.1993;2,728;22,474;93,189;25,943;21,721;19,213;4,95;24,938;5,722;5,636;49,094;14,06;46,363;20,897;30,439;93,189;17,084;4,506;20,056;4,152;33,143;46,389;37,494;36,998
15.7.1993;2,726;22,566;93,043;25,868;21,746;19,191;4,931;24,666;5,695;5,62;49,472;14,067;46,278;20,807;30,493;93,043;17,058;4,501;19,945;4,172;33,176;46,436;37,439;37,078
16.7.1993;2,732;22,458;93,224;25,812;21,862;19,226;4,95;24,413;5,695;5,629;49,547;14,086;46,322;20,681;30,751;93,224;17,086;4,513;19,787;4,159;33,104;46,335;37,477;37,15
19.7.1993;2,728;22,546;93,093;25,796;21,817;19,222;4,93;24,521;5,695;5,628;49,101;14,047;46,342;20,783;30,789;93,093;17,065;4,508;19,794;4,135;33,123;46,361;37,392;37,18
20.7.1993;2,739;22,342;93,292;25,814;21,889;19,279;4,977;24,613;5,713;5,655;49,22;14,099;46,549;20,856;30,677;93,292;17,125;4,52;19,88;4,16;33,011;46,205;37,511;37,248
21.7.1993;2,743;22,306;93,505;25,729;21,973;19,313;4,993;24,552;5,709;5,656;49,515;14,128;46,572;20,774;30,423;93,505;17,152;4,523;19,815;4,15;32,948;46,117;37,561;37,188
22.7.1993;2,75;22,345;93,714;25,779;21,884;19,351;5,007;24,645;5,692;5,669;49,751;14,17;46,673;20,652;30,384;93,714;17,195;4,527;19,85;4,125;32,893;46,04;37,647;37,194
23.7.1993;2,745;22,34;93,45;25,794;21,916;19,322;4,983;24,335;5,677;5,659;49,785;14,083;46,599;20,459;30,423;93,45;17,168;4,51;19,557;4,103;32,939;46,105;37,541;37,118
26.7.1993;2,734;22,407;93,061;25,815;21,852;19,245;4,958;23,993;5,643;5,636;49,677;13,991;46,432;20,517;30,873;93,061;17,101;4,5;19,197;4,084;33,074;46,293;37,37;37,097
27.7.1993;2,728;22,52;92,553;25,891;21,817;19,199;4,941;23,883;5,662;5,618;49,67;13,922;46,343;20,629;31,05;92,553;17,066;4,5;19,194;4,118;33,162;46,416;37,264;37,194
28.7.1993;2,73;22,434;92,707;25,813;21,787;19,221;4,95;23,949;5,695;5,627;49,585;13,953;46,396;20,596;31,029;92,707;17,091;4,506;19,186;4,126;33,123;46,362;37,343;37,253
29.7.1993;2,732;22,442;92,834;25,845;21,857;19,22;4,939;23,536;5,672;5,641;49,33;13,969;46,388;20,592;31,376;92,834;17,101;4,496;18,844;4,095;33,174;46,433;37,331;37,262
30.7.1993;2,734;22,356;92,871;25,736;21,865;19,241;4,954;23,707;5,689;5,654;49,425;13,967;46,459;20,718;31,193;92,871;17,114;4,506;19,008;4,105;33,071;46,289;37,374;37,311
2.8.1993;2,719;22,821;91,167;25,858;21,829;19,135;4,913;23,006;5,628;5,575;49,268;13,954;46,078;20,573;31,789;91,167;16,986;4,454;18,585;4,024;33,267;46,563;36,886;37,211
3.8.1993;2,727;22,979;89,344;25,879;21,866;19,178;4,793;22,656;5,612;5,446;49,216;13,947;46,082;20,507;31,72;89,344;17,044;4,431;18,252;4,041;33,236;46,52;36,201;37,459
4.8.1993;2,743;22,787;90,558;25,65;21,985;19,29;4,844;23,583;5,659;5,528;49,538;13,811;46,413;20,634;31,575;90,558;17,142;4,469;18,866;4,106;33,063;46,277;36,865;37,534
5.8.1993;2,743;22,693;92,241;25,608;21,886;19,318;4,867;23,912;5,722;5,592;49,533;13,875;46,505;20,658;31,45;92,241;17,184;4,482;18,924;4,134;33,022;46,22;37,133;37,513
6.8.1993;2,746;22,739;91,554;25,617;21,932;19,301;4,876;23,625;5,693;5,558;49,553;13,823;46,427;20,612;31,643;91,554;17,16;4,47;19,022;4,121;33,051;46,261;37,03;37,461
9.8.1993;2,742;22,524;91,181;25,556;21,871;19,29;4,863;23,666;5,702;5,559;49,301;13,827;46,385;20,567;31,579;91,181;17,154;4,463;19,063;4,117;33,026;46,226;36,999;37,715
10.8.1993;2,753;22,471;90,771;25,474;21,859;19,378;4,792;23,503;5,728;5,528;49,275;13,881;46,047;20,436;31,443;90,771;17,228;4,468;18,965;4,15;32,905;46,056;36,985;37,746
11.8.1993;2,751;22,542;90,165;25,547;21,883;19,351;4,766;23,216;5,689;5,504;49,015;13,867;45,653;20,327;31,567;90,165;17,188;4,442;18,816;4,14;32,955;46,127;36,824;37,845
12.8.1993;2,742;22,677;90,345;25,523;21,686;19,291;4,73;23,273;5,634;5,49;48,647;13,817;45,085;20,458;31,86;90,345;17,135;4,436;18,751;4,124;33,071;46,288;36,732;37,941
13.8.1993;2,739;22,486;90,517;25,211;21,713;19,277;4,727;23,328;5,634;5,495;48,842;13,801;44,999;20,452;32,014;90,517;17,111;4,433;18,792;4,097;33,102;46,332;36,866;37,984
16.8.1993;2,748;22,398;90,273;25,242;21,703;19,321;4,677;23,279;5,613;5,468;48,488;13,812;45,051;20,385;32,32;90,273;17,142;4,427;18,761;4,016;33,08;46,301;36,775;37,777
17.8.1993;2,749;22,376;90,382;25,149;21,676;19,35;4,669;23,261;5,604;5,457;48,294;13,814;45,121;20,286;32,623;90,382;17,181;4,433;18,782;4,048;33,008;46,2;36,774;37,673
18.8.1993;2,761;22,323;91,302;24,997;21,875;19,437;4,723;23,495;5,633;5,498;48,913;13,848;45,319;20,492;32,325;91,302;17,254;4,464;18,919;4,086;32,823;45,942;36,998;37,824
19.8.1993;2,76;22,257;92,174;24,944;21,876;19,412;4,744;23,568;5,664;5,539;49,095;13,839;45,604;20,526;32,34;92,174;17,246;4,477;19,003;4,122;32,842;45,968;37,078;37,637
20.8.1993;2,763;22,175;92,294;24,812;22,03;19,449;4,744;23,725;5,652;5,547;49,511;13,838;45,808;20,474;32,017;92,294;17,288;4,478;19,026;4,14;32,769;45,866;37,15;37,597
23.8.1993;2,758;22,259;92,622;24,93;22,061;19,406;4,771;24,041;5,657;5,587;49,421;13,8;45,939;20,565;31,244;92,622;17,257;4,486;19,173;4,111;32,816;45,932;37,18;37,386
24.8.1993;2,767;22,073;92,31;24,749;22,193;19,476;4,745;23,971;5,671;5,577;49,47;13,86;46,059;20,528;31,591;92,31;17,313;4,488;19,115;4,074;32,696;45,764;37,248;37,58
25.8.1993;2,761;21,88;92,078;24,839;22,059;19,434;4,731;23,944;5,625;5,571;49,212;13,831;46,006;20,535;31,58;92,078;17,282;4,478;19,052;4,036;32,78;45,881;37,188;37,553
26.8.1993;2,764;22,01;92,239;24,903;22,166;19,458;4,737;24,204;5,648;5,585;49,061;13,856;45,957;20,518;31,26;92,239;17,302;4,488;19,148;4,058;32,773;45,871;37,194;37,677
27.8.1993;2,764;22,021;91,947;24,981;22,121;19,45;4,742;24,158;5,621;5,582;48,693;13,837;45,701;20,507;31,15;91,947;17,31;4,48;19,063;4,015;32,77;45,867;37,118;37,692
30.8.1993;2,775;21,745;91,231;24,752;22,135;19,534;4,732;23,996;5,587;5,576;49,216;13,861;45,537;20,41;31,361;91,231;17,375;4,483;19,018;4,026;32,615;45,651;37,097;37,355
31.8.1993;2,777;21,864;91,655;24,67;22,158;19,55;4,748;24,065;5,564;5,592;48,761;13,849;45,496;20,381;31,33;91,655;17,393;4,492;19,111;4,047;32,584;45,917;37,194;37,409
1.9.1993;2,775;21,846;91,755;24,651;22,22;19,532;4,754;24,247;5,586;5,595;48,891;13,828;45,634;20,43;31,272;91,755;17,38;4,492;19,169;4,014;32,601;45,941;37,253;37,571
2.9.1993;2,778;21,842;91,315;24,712;22,128;19,544;4,751;24,325;5,544;5,582;48,632;13,854;45,584;20,428;30,978;91,315;17,389;4,493;19,144;3,989;32,595;45,933;37,262;37,49
3.9.1993;2,789;21,568;91,388;24,483;22,305;19,626;4,758;24,196;5,483;5,585;48,736;13,872;45,482;20,35;30,706;91,388;17,467;4,498;19,142;3,969;32,447;45,726;37,311;37,476
6.9.1993;2,792;20,977;91,192;24,474;22,35;19,657;4,754;23,927;5,514;5,587;48,605;13,854;45,527;20,235;30,679;91,192;17,495;4,503;19,022;4,005;32,397;45,654;37,211;37,386
7.9.1993;2,821;20,871;91,432;24,178;22,518;19,848;4,81;24,209;5,585;5,622;49,044;13,99;45,844;20,221;30,678;91,432;17,675;4,537;19,224;4,031;32,065;45,187;37,459;37,648
8.9.1993;2,818;21,02;91,741;24,262;22,536;19,828;4,813;24,293;5,609;5,633;48,996;13,91;46,047;20,499;30,943;91,741;17,678;4,553;19,28;4,042;32,091;45,223;37,534;37,696
9.9.1993;2,816;21,099;91,713;24,3;22,569;19,827;4,81;24,32;5,603;5,639;49,368;13,901;46,258;20,44;30,65;91,713;17,67;4,542;19,27;4,027;32,09;45,222;37,513;37,678
10.9.1993;2,818;20,965;91,182;24,336;22,612;19,821;4,79;24,414;5,576;5,633;49,412;13,779;46,068;20,486;30,433;91,182;17,641;4,53;19,295;4,018;32,092;45,224;37,461;37,661
13.9.1993;2,83;20,818;93,095;24,313;22,731;19,888;4,808;24,756;5,62;5,657;49,473;13,817;46,264;20,619;30,043;93,095;17,702;4,552;19,439;4,051;31,959;45,038;37,715;37,533
14.9.1993;2,831;20,801;93,273;24,285;22,798;19,905;4,84;24,878;5,639;5,687;49,489;13,862;46,453;20,726;30,097;93,273;17,72;4,565;19,509;4,074;31,918;44,979;37,746;37,482
15.9.1993;2,817;20,746;92,888;24,281;22,71;19,824;4,833;24,869;5,59;5,694;49,318;13,835;46,365;20,826;30,341;92,888;17,653;4,57;19,455;4,071;32,056;45,173;37,845;37,404
16.9.1993;2,825;20,64;92,968;24,182;22,846;19,904;4,851;24,895;5,603;5,714;49,198;13,858;46,434;20,809;30,095;92,968;17,726;4,571;19,502;4,037;31,916;44,976;37,941;37,378
17.9.1993;2,836;20,723;93,252;24,238;22,866;19,961;4,881;24,838;5,54;5,721;49,222;13,855;46,234;20,72;30,231;93,252;17,77;4,571;19,51;4,023;31,818;44,838;37,984;37,38
20.9.1993;2,822;20,851;92,995;24,355;22,785;19,862;4,859;24,76;5,542;5,687;48,929;13,807;46,2;20,556;30,604;92,995;17,685;4,551;19,416;4,024;31,99;45,081;37,777;37,305
21.9.1993;2,816;20,792;92,732;24,346;22,757;19,81;4,856;24,718;5,516;5,677;49,076;13,769;46,144;20,486;30,798;92,732;17,629;4,547;19,343;3,976;32,076;45,202;37,673;37,297
22.9.1993;2,827;20,938;92,947;24,174;22,83;19,899;4,857;24,865;5,504;5,695;49,088;13,827;46,272;20,499;30,303;92,947;17,711;4,556;19,473;3,958;31,927;44,992;37,824;37,242
23.9.1993;2,809;21,071;92,587;24,365;22,714;19,747;4,853;24,696;5,457;5,677;48,872;13,779;46,083;20,428;30,327;92,587;17,583;4,526;19,334;3,931;32,174;45,34;37,637;37,319
24.9.1993;2,809;20,953;92,591;24,329;22,584;19,761;4,868;24,684;5,55;5,668;48,816;13,744;46,043;20,348;30,26;92,591;17,597;4,529;19,319;4,012;32,175;45,342;37,597;37,271
27.9.1993;2,787;21,166;91,864;24,576;22,519;19,612;4,849;24,502;5,546;5,634;48,571;13,671;45,843;20,321;30,529;91,864;17,462;4,502;19,177;4,002;32,428;45,698;37,386;37,133
28.9.1993;2,806;21,012;92,283;24,355;22,606;19,744;4,877;24,582;5,573;5,665;48,738;13,759;46,194;20,385;30,314;92,283;17,588;4,522;19,254;4,011;32,202;45,38;37,58;37,134
29.9.1993;2,805;20,852;92,026;24,324;22,616;19,738;4,865;24,466;5,543;5,666;48,481;13,738;46,124;20,415;30,516;92,026;17,587;4,514;19,208;3,992;32,209;45,39;37,553;37,172
30.9.1993;2,824;20,724;92,449;24,192;22,707;19,857;4,899;24,56;5,58;5,679;48,345;13,783;46,249;20,279;30,381;92,449;17,686;4,525;19,247;3,996;32,006;45,103;37,677;37,229
1.10.1993;2,817;20,609;91,777;24,085;22,637;19,818;4,903;24,551;5,549;5,682;48,409;13,732;46,27;20,282;30,476;91,777;17,647;4,537;19,26;3,988;32,076;45,202;37,692;37,213
4.10.1993;2,798;20,877;90,942;24,197;22,51;19,691;4,87;24,407;5,504;5,645;48,163;13,673;46,06;20,214;30,388;90,942;17,53;4,504;19,124;3,96;32,303;45,521;37,355;37,246
5.10.1993;2,804;20,852;91,211;24,141;22,6;19,718;4,867;24,456;5,508;5,652;48,516;13,674;46,221;20,212;30,453;91,211;17,557;4,51;19,164;3,964;32,243;45,438;37,409;37,208
6.10.1993;2,817;20,749;91,615;23,944;22,677;19,824;4,889;24,487;5,546;5,677;48,733;13,709;46,446;20,241;30,454;91,615;17,645;4,535;19,227;3,984;32,065;45,187;37,571;37,108
7.10.1993;2,81;21,007;91,484;24,083;22,547;19,765;4,884;24,44;5,559;5,662;48,793;13,645;46,441;20,21;30,425;91,484;17,594;4,525;19,153;4;32,175;45,342;37,49;37,144
8.10.1993;2,813;20,995;91,317;24,067;22,553;19,819;4,883;24,357;5,552;5,654;49,027;13,649;46,764;20,064;30,472;91,317;17,639;4,529;19,177;3,98;32,103;45,24;37,476;37,135
11.10.1993;2,816;21,011;91,126;24,058;22,559;19,807;4,888;24,319;5,558;5,65;48,927;13,616;46,647;19,98;30,497;91,126;17,625;4,524;19,156;3,982;32,113;45,254;37,386;37,206
12.10.1993;2,835;20,993;91,639;23,957;22,72;19,922;4,923;24,529;5,579;5,68;49,013;13,603;46,71;20,177;30,077;91,639;17,718;4,549;19,269;4;31,899;44,953;37,648;37,177
13.10.1993;2,835;20,988;91,568;23,861;22,721;19,967;4,929;24,561;5,601;5,681;48,71;13,666;46,704;20,154;30,083;91,568;17,751;4,555;19,312;4,014;31,843;44,874;37,696;37,139
14.10.1993;2,833;21,023;90,847;24,01;22,752;19,933;4,926;24,523;5,592;5,674;48,619;13,677;46,613;20,195;30,111;90,847;17,72;4,546;19,238;4,03;31,887;44,936;37,678;37,073
15.10.1993;2,834;21,163;90,549;24,034;22,705;19,936;4,89;24,492;5,592;5,635;48,744;13,631;46,667;20,165;29,981;90,549;17,72;4,532;19,205;4,034;31,9;44,954;37,661;37,047
18.10.1993;2,819;21,27;90,046;24,242;22,483;19,83;4,879;24,467;5,609;5,606;48,508;13,562;46,434;20,117;29,973;90,046;17,634;4,509;19,109;4,034;32,101;45,238;37,533;37,015
19.10.1993;2,811;21,238;90,135;24,164;22,444;19,793;4,872;24,588;5,666;5,588;48,235;13,543;46,369;20,216;29,999;90,135;17,598;4,505;19,132;4,085;32,174;45,34;37,482;37,006
20.10.1993;2,802;21,5;89,84;24,36;22,357;19,715;4,855;24,452;5,688;5,577;48,156;13,492;46,243;20,195;30,165;89,84;17,526;4,496;19,021;4,074;32,306;45,527;37,404;37,139
21.10.1993;2,804;21,517;90,319;24,44;22,301;19,666;4,864;24,486;5,708;5,576;48,125;13,557;46,024;20,187;30,112;90,319;17,485;4,49;19,073;4,095;32,37;45,617;37,378;37,083
22.10.1993;2,798;21,652;90,126;24,588;22,264;19,696;4,854;24,526;5,672;5,572;48,289;13,524;46,063;20,206;29,976;90,126;17,518;4,504;19,024;4,069;32,35;45,588;37,38;37,08
25.10.1993;2,778;21,82;90,197;24,877;22,159;19,531;4,849;24,428;5,652;5,588;48,313;13,49;45,926;20,215;30,13;90,197;17,386;4,483;18,973;4,056;32,606;45,949;37,305;37,068
26.10.1993;2,774;21,805;89,565;24,984;22,123;19,514;4,86;24,385;5,672;5,576;48,516;13,516;45,914;20,237;30,051;89,565;17,372;4,478;18,915;4,032;32,642;46;37,297;37,1
27.10.1993;2,787;21,911;89,659;24,832;22,082;19,451;4,831;24,335;5,664;5,574;48,433;13,547;45,925;20,187;30,197;89,659;17,318;4,469;18,811;4,037;32,703;46,086;37,242;37,012
29.10.1993;2,772;21,758;90,124;24,787;22,11;19,487;4,849;24,433;5,654;5,591;48,433;13,616;46,094;20,144;30,169;90,124;17,352;4,477;18,825;4,039;32,679;46,052;37,319;36,981
1.11.1993;2,774;21,777;89,874;24,73;22,077;19,497;4,836;24,323;5,672;5,564;48,547;13,657;46,014;20,051;30,158;89,874;17,361;4,463;18,925;4,012;32,674;46,044;37,271;36,967
2.11.1993;2,78;22,057;89,61;24,866;21,977;19,425;4,827;24,248;5,663;5,541;48,659;13,6;45,841;19,932;30,151;89,61;17,298;4,453;18,827;4,017;32,774;46,186;37,133;38,997
3.11.1993;2,755;22,188;89,654;25,103;21,894;19,382;4,837;24,261;5,675;5,548;48,719;13,578;45,928;19,991;30,407;89,654;17,263;4,454;18,822;4,019;32,885;46,343;37,134;39,107
4.11.1993;2,754;22,222;90,654;25,139;21,87;19,366;4,846;24,232;5,68;5,556;48,67;13,542;45,876;20,05;30,563;90,654;17,253;4,46;18,832;4,026;32,907;46,374;37,172;39,059
5.11.1993;2,761;22,113;90,584;25,072;21,908;19,418;4,856;24,247;5,716;5,566;48,637;13,561;46,035;20,011;30,481;90,584;17,299;4,467;18,931;4,029;32,819;46,249;37,229;39,107
8.11.1993;2,753;22,159;90,549;25,488;21,871;19,365;4,857;24,233;5,69;5,566;48,713;13,525;46,042;20,043;30,401;90,549;17,262;4,464;18,89;4,034;32,906;46,371;37,213;39,127
9.11.1993;2,758;22,02;91,375;25,341;22,003;19,405;4,878;24,237;5,707;5,589;48,665;13,568;46,276;20,007;30,388;91,375;17,299;4,473;18,918;4,056;32,822;46,253;37,246;39,15
10.11.1993;2,764;21,888;91,315;25,269;22,052;19,429;4,884;24,265;5,704;5,582;48,411;13,572;46,149;19,922;30,312;91,315;17,32;4,473;19,019;4,03;32,777;46,189;37,208;39,093
11.11.1993;2,759;21,904;90,466;25,108;22,024;19,413;4,862;24,156;5,684;5,566;48,308;13,566;46,08;19,894;30,54;90,466;17,299;4,454;18,946;3,998;32,816;46,244;37,108;39,009
12.11.1993;2,762;21,729;90,678;25,029;22,006;19,423;4,866;24,107;5,667;5,569;48,466;13,556;46,098;19,89;30,695;90,678;17,305;4,457;18,906;3,979;32,798;46,22;37,144;39,017
15.11.1993;2,756;21,778;90,611;25,083;21,87;19,372;4,863;24,009;5,64;5,564;48,68;13,51;45,989;19,761;30,881;90,611;17,269;4,454;18,941;3,978;32,892;46,352;37,135;39,036
16.11.1993;2,765;21,444;90,95;24,857;21,978;19,442;4,87;23,937;5,634;5,578;48,853;13,589;46,205;19,684;30,95;90,95;17,315;4,467;18,997;3,992;32,769;46,179;37,206;39,056
17.11.1993;2,757;21,616;91,226;24,97;21,987;19,389;4,87;23,907;5,652;5,581;48,918;13,549;46,184;19,718;30,793;91,226;17,282;4,464;19,077;4,009;32,85;46,293;37,177;39,143
18.11.1993;2,742;21,943;91,345;25,161;21,913;19,285;4,87;23,929;5,645;5,577;48,789;13,506;46,071;19,785;30,801;91,345;17,19;4,454;18,972;3,995;33,021;46,534;37,139;39,165
19.11.1993;2,745;21,877;91,107;25,108;21,991;19,313;4,869;23,922;5,658;5,574;48,755;13,507;46,134;19,736;30,942;91,107;17,21;4,453;18,96;4;32,972;46,464;37,073;39,206
22.11.1993;2,739;21,826;90,684;24,977;21,928;19,274;4,861;23,928;5,69;5,56;48,709;13,474;46,171;19,717;30,612;90,684;17,186;4,442;18,929;3,962;33,045;46,568;37,047;39,278
23.11.1993;2,743;21,758;90,593;24,914;21,967;19,289;4,862;23,927;5,698;5,554;48,617;13,49;46,322;19,548;30,458;90,593;17,194;4,437;18,962;3,961;33,017;46,528;37,015;39,277
24.11.1993;2,751;21,87;90,923;24,808;22,056;19,332;4,866;23,845;5,668;5,56;48,77;13,486;46,31;19,284;30,333;90,923;17,222;4,44;18,954;3,925;32,932;46,409;37,006;39,194
25.11.1993;2,751;21,85;91,357;24,785;22,063;19,346;4,875;23,802;5,677;5,581;48,992;13,462;46,52;19,486;30,399;91,357;17,238;4,45;18,966;3,933;32,907;46,373;37,139;39,08
26.11.1993;2,746;21,943;91,171;24,787;22,019;19,31;4,865;23,69;5,654;5,571;48,98;13,429;46,52;19,539;30,414;91,171;17,203;4,441;18,884;3,928;32,972;46,465;37,083;
29.11.1993;2,744;21,84;91,022;24,805;21,997;19,296;4,867;23,673;5,663;5,574;49,038;13,448;46,537;19,457;30,385;91,022;17,184;4,438;18,944;3,932;32,996;46,498;37,08;
30.11.1993;2,739;21,822;91,054;24,796;22,011;19,262;4,866;23,611;5,658;5,58;48,921;13,443;46,489;19,486;30,287;91,054;17,167;4,437;18,818;3,927;33,044;46,566;37,068;
1.12.1993;2,745;21,764;91,1;24,666;22,125;19,304;4,871;23,533;5,646;5,583;49,086;13,442;46,554;19,428;30,257;91,1;17,208;4,438;18,858;3,892;33,01;46,519;37,1;
2.12.1993;2,739;21,734;91,196;24,727;22,047;19,264;4,863;23,453;5,666;5,569;48,975;13,426;46,815;19,282;30,415;91,196;17,172;4,43;18,826;3,892;33,04;46,561;37,012;
3.12.1993;2,734;21,95;91,115;24,792;22,069;19,227;4,863;23,438;5,707;5,574;48,964;13,399;46,681;19,257;30,472;91,115;17,144;4,425;18,816;3,911;33,093;46,635;36,981;
6.12.1993;2,732;22,116;91,168;24,897;22,104;19,212;4,876;23,312;5,699;5,589;49,139;13,384;46,672;19,19;30,392;91,168;17,141;4,429;18,798;3,935;33,112;46,663;36,967;
7.12.1993;2,739;22,086;91,689;24,867;22,251;19,267;4,89;23,412;5,727;5,607;49,31;13,409;46,905;19,471;30,47;91,689;17,185;4,445;18,851;3,944;32,999;46,503;37,14;
8.12.1993;2,747;21,908;92,544;24,87;22,451;19,319;4,907;23,572;5,735;5,621;49,299;13,449;46,681;19,633;30,488;92,544;17,235;4,454;18,943;3,965;32,89;46,35;37,245;
9.12.1993;2,746;22,061;92,52;24,884;22,406;19,287;4,909;23,594;5,745;5,618;49,076;13,477;46,514;19,664;30,441;92,52;17,219;4,446;18,913;3,957;32,937;46,416;37,199;
10.12.1993;2,742;22,148;92,295;24,918;22,364;19,279;4,931;23,669;5,734;5,641;49,164;13,475;46,551;19,668;30,236;92,295;17,237;4,445;18,953;3,962;32,954;46,439;37,245;
13.12.1993;2,747;22,029;92,292;24,762;22,539;19,31;4,946;23,61;5,743;5,641;49,164;13,53;46,596;19,62;30,124;92,292;17,255;4,45;18,948;3,97;32,884;46,34;37,264;
14.12.1993;2,754;22,07;92,336;24,714;22,529;19,368;4,939;23,564;5,735;5,646;49,1;13,507;46,612;19,529;30,149;92,336;17,283;4,456;18,886;3,917;32,862;46,31;37,286;
15.12.1993;2,744;22,133;92,138;24,809;22,485;19,292;4,917;23,551;5,711;5,64;49,122;13,466;46,714;19,515;30,16;92,138;17,228;4,445;18,849;3,919;32,986;46,484;37,231;
16.12.1993;2,735;22,225;92,026;24,721;22,474;19,234;4,908;23,56;5,669;5,632;49,092;13,433;46,633;19,543;30,117;92,026;17,176;4,431;18,876;3,917;33,014;46,525;37,151;
17.12.1993;2,738;22,262;92,227;24,751;22,521;19,258;4,913;23,384;5,706;5,636;49,058;13,441;46,641;19,478;30,012;92,227;17,195;4,432;18,846;3,911;32,971;46,464;37,159;
20.12.1993;2,743;22,116;92,321;24,696;22,56;19,263;4,921;23,418;5,672;5,64;49,029;13,424;46,663;19,477;29,989;92,321;17,221;4,439;18,867;3,917;32,949;46,433;37,177;
21.12.1993;2,737;22,42;92,446;24,612;22,558;19,25;4,918;23,489;5,698;5,646;48,992;13,424;46,654;19,568;29,839;92,446;17,183;4,438;18,863;3,927;32,976;46,47;37,196;
22.12.1993;2,74;22,421;92,85;24,525;22,694;19,267;4,924;23,512;5,742;5,653;49,028;13,446;46,759;19,72;29,746;92,85;17,208;4,446;18,879;3,926;32,929;46,404;37,279;
23.12.1993;2,743;22,391;93,012;24,474;22,7;19,284;4,929;23,502;5,763;5,663;48,983;13,444;46,841;19,706;29,537;93,012;17,223;4,447;18,875;3,949;32,898;46,361;37,3;
27.12.1993;2,748;22,225;92,92;24,612;22,842;19,323;4,938;23,506;5,78;5,67;49,183;13,429;46,938;19,783;29,731;92,92;17,253;4,457;18,905;3,982;32,82;46,25;37,339;
28.12.1993;2,747;22,339;93,175;24,793;22,76;19,319;4,954;23,519;5,768;5,677;49,367;13,445;47,123;19,572;29,573;93,175;17,234;4,454;18,957;3,971;32,9;46,364;37,408;
29.12.1993;2,752;22,376;92,889;24,752;22,79;19,345;4,955;23,531;5,759;5,68;49,528;13,459;47,102;19,586;29,57;92,889;17,263;4,46;19,007;3,961;32,92;46,391;37,407;
30.12.1993;2,748;22,242;92,859;24,697;22,864;19,326;4,949;23,456;5,766;5,673;49,538;13,445;46,942;19,518;29,509;92,859;17,251;4,46;18,989;4,01;32,946;46,429;37,328;
31.12.1993;2,737;22,385;92,497;24,848;22,609;19,223;4,929;23,347;5,749;5,657;49,132;13,396;46,924;19,442;29,703;92,497;17,176;4,433;18,891;3,998;33,202;46,788;37,219;
